OSGR10km,Latitude(WGS84),Longitude(WGS84),Forest Cover(%),CountRed,CountGrey,%Red,%Grey
NC10,57.972872,-5.123781,0.125725855,4,0,1,0
NC14,58.351534,-5.148632,0.036928915,1,0,1,0
NC30,57.970596,-4.714286,0.395132964,1,0,1,0
NC31,58.09318,-4.800812,0.091187691,1,0,1,0
NC40,57.97827743,-4.574114,0.331932896,30,0,1,0
NC50,57.98496589,-4.448431111,0.344217971,11,0,1,0
NC80,57.97972683,-3.979017743,0.227357823,55,0,1,0
ND12,58.205566,-3.448031,0.023858554,1,0,1,0
ND13,58.30627467,-3.425108333,0.036390127,10,0,1,0
ND23,58.328266,-3.358274,0.086971396,1,0,1,0
ND35,58.445886,-3.080118,0.020440704,1,0,1,0
NG70,57.039119,-5.681441,0.112727217,1,0,1,0
NG72,57.292706,-5.6872585,0.402927503,4,0,1,0
NG73,57.31928483,-5.669191167,0.046788174,25,0,1,0
NG75,57.550468,-5.749665,0.105199087,1,0,1,0
NG82,57.2855155,-5.60186325,0.22979632,4,0,1,0
NG83,57.34742557,-5.594155167,0.341462748,50,0,1,0
NG84,57.4022938,-5.5895948,0.124623453,5,0,1,0
NG85,57.51557081,-5.644262,0.127952581,25,0,1,0
NG87,57.687324,-5.619447,0.496639711,1,0,1,0
NG88,57.77648,-5.599953889,0.053482486,13,0,1,0
NG93,57.39358633,-5.447400556,0.094929822,15,0,1,0
NG94,57.405375,-5.479969,0.099624464,2,0,1,0
NG97,57.683116,-5.4318955,0.044366928,6,0,1,0
NH04,57.48147825,-5.32490525,0.105661853,4,0,1,0
NH05,57.56467,-5.30615,0.175468408,1,0,1,0
NH06,57.5926,-5.303664,0.070460879,2,0,1,0
NH08,57.80946375,-5.26832325,0.003610231,4,0,1,0
NH10,57.067988,-5.017044333,0.265609346,3,0,1,0
NH15,57.5142925,-5.1232505,0.100516599,6,0,1,0
NH17,57.7665275,-5.034456,0.039423634,2,0,1,0
NH18,57.83240833,-5.130949385,0.145408254,57,0,1,0
NH19,57.88247193,-5.119864107,0.118094257,99,0,1,0
NH20,57.07016433,-4.834058467,0.328548945,23,0,1,0
NH22,57.2915501,-4.8541434,0.505031182,22,0,1,0
NH23,57.330863,-4.831411,0.110191581,1,0,1,0
NH25,57.5375095,-4.8737475,0.105084766,4,0,1,0
NH28,57.842238,-4.919887,0.017212943,3,0,1,0
NH30,57.11569207,-4.721714711,0.374431191,58,0,1,0
NH31,57.18047547,-4.6970352,0.391996911,17,0,1,0
NH32,57.31220256,-4.782780625,0.280873369,20,0,1,0
NH33,57.3673564,-4.698565,0.312278317,11,0,1,0
NH34,57.44719025,-4.7528665,0.035756863,4,0,1,0
NH35,57.5604771,-4.7642688,0.149955179,10,0,1,0
NH36,57.62834221,-4.747682,0.326806746,16,0,1,0
NH40,57.1363315,-4.6171625,0.030161686,5,0,1,0
NH41,57.21207375,-4.575760182,0.420334139,92,0,1,0
NH42,57.28345402,-4.513493932,0.28491969,96,0,1,0
NH43,57.3460715,-4.566352333,0.392145124,62,0,1,0
NH44,57.45533032,-4.5436658,0.299090156,98,0,1,0
NH45,57.56050687,-4.56998894,0.373741851,135,0,1,0
NH46,57.6218091,-4.5862017,0.358788144,11,0,1,0
NH47,57.7148185,-4.6451205,0.05139353,2,0,1,0
NH48,57.8456095,-4.5999565,0.136900388,2,0,1,0
NH49,57.9006745,-4.5655285,0.376305242,7,0,1,0
NH50,57.108203,-4.3771385,0.007740259,3,0,1,0
NH51,57.2288096,-4.4489406,0.09456933,6,0,1,0
NH52,57.29431618,-4.440373947,0.358523378,221,0,1,0
NH53,57.37045183,-4.394284035,0.417591511,157,0,1,0
NH54,57.47015142,-4.433853431,0.309971087,286,0,1,0
NH55,57.54282618,-4.444717237,0.212502391,145,0,1,0
NH56,57.6625162,-4.35823749,0.37155801,69,0,1,0
NH57,57.750152,-4.433753714,0.339940255,8,0,1,0
NH58,57.866977,-4.369233,0.139014266,1,0,1,0
NH59,57.92905172,-4.41945944,0.42483401,117,0,1,0
NH60,57.116058,-4.231043,0.003481014,1,0,1,0
NH62,57.32003563,-4.243575375,0.156247945,10,0,1,0
NH63,57.38905728,-4.228333197,0.463140515,104,0,1,0
NH64,57.4668561,-4.240832267,0.237866924,739,0,1,0
NH65,57.56817671,-4.277439552,0.388778881,173,0,1,0
NH66,57.66282512,-4.292703119,0.259333085,117,0,1,0
NH67,57.72012172,-4.289060897,0.469276128,52,0,1,0
NH68,57.86488462,-4.259892923,0.245113032,16,0,1,0
NH69,57.90045943,-4.320360867,0.250374831,42,0,1,0
NH70,57.08436739,-4.048835452,0.08341286,255,0,1,0
NH71,57.2241,-4.097839,0.012022948,5,0,1,0
NH72,57.30857096,-4.030493704,0.124643966,31,0,1,0
NH73,57.39680415,-4.084265949,0.305945102,87,0,1,0
NH74,57.48675038,-4.10703548,0.361661226,455,2,0.995623632,0.004376368
NH75,57.58126653,-4.121888433,0.068936027,41,0,1,0
NH76,57.63645667,-4.104160111,0.149862073,14,0,1,0
NH77,57.74857842,-4.110661632,0.355084661,22,0,1,0
NH78,57.8354542,-4.1247526,0.234940662,5,0,1,0
NH79,57.92078167,-4.138643111,0.284927519,9,0,1,0
NH80,57.12767671,-3.902816232,0.48214815,376,0,1,0
NH81,57.19063878,-3.83612117,0.195903381,128,0,1,0
NH82,57.30290693,-3.9261844,0.196584236,38,0,1,0
NH83,57.4029035,-3.91195725,0.126728508,6,0,1,0
NH84,57.50858403,-3.93684915,0.350374144,82,0,1,0
NH85,57.57200805,-3.902357415,0.166121959,228,0,1,0
NH87,57.7273,-3.959095,0.052594052,2,0,1,0
NH89,57.95238183,-3.991234,0.032315655,7,0,1,0
NH90,57.16028935,-3.717635336,0.242609741,195,0,1,0
NH91,57.20907592,-3.768093507,0.576699584,513,0,1,0
NH92,57.28734308,-3.741481613,0.360645539,333,0,1,0
NH93,57.40826314,-3.725694286,0.069750348,16,0,1,0
NH94,57.4975455,-3.726764472,0.578514898,49,0,1,0
NH95,57.5851637,-3.756729618,0.451913334,177,0,1,0
NH96,57.63440079,-3.698109571,0.135726968,17,0,1,0
NJ00,57.1446245,-3.612533,0.002140486,3,0,1,0
NJ01,57.24280983,-3.616250087,0.250164355,35,0,1,0
NJ02,57.2980884,-3.622804034,0.367760037,759,0,1,0
NJ03,57.37816094,-3.578496909,0.196655844,58,0,1,0
NJ04,57.5025749,-3.64411815,0.30954051,25,0,1,0
NJ05,57.59621137,-3.602281668,0.475231548,374,1,0.997333333,0.002666667
NJ06,57.64744181,-3.592154577,0.119632158,70,0,1,0
NJ10,57.128029,-3.405702,0.013441713,1,0,1,0
NJ11,57.24970438,-3.378744476,0.113378071,25,0,1,0
NJ12,57.3125218,-3.3806775,0.198277088,58,0,1,0
NJ13,57.39602031,-3.418368597,0.310360068,102,0,1,0
NJ14,57.47358685,-3.370412154,0.401773092,22,0,1,0
NJ15,57.58992433,-3.426703603,0.466503657,86,1,0.988505747,0.011494253
NJ16,57.66953083,-3.419867301,0.213015693,170,5,0.971428571,0.028571429
NJ17,57.7181695,-3.3731095,0.001568879,2,0,1,0
NJ20,57.15424909,-3.206030121,0.062236911,48,0,1,0
NJ21,57.22265,-3.27308,0.040141477,2,0,1,0
NJ22,57.31809242,-3.280104423,0.180855805,29,0,1,0
NJ23,57.3733715,-3.279230438,0.231808363,16,0,1,0
NJ24,57.47245574,-3.256945452,0.549167455,370,0,1,0
NJ25,57.59360147,-3.255624836,0.393981159,102,0,1,0
NJ26,57.66412108,-3.275792601,0.206048504,462,0,1,0
NJ27,57.71767486,-3.285160857,0.000564718,14,0,1,0
NJ30,57.1035895,-3.119522063,0.151631489,24,2,0.923076923,0.076923077
NJ31,57.20576631,-3.084347229,0.355215389,173,1,0.994252874,0.005747126
NJ32,57.33201671,-3.051254857,0.024872891,8,0,1,0
NJ33,57.4338756,-3.1211972,0.183605053,27,0,1,0
NJ34,57.48787263,-3.108137766,0.465102441,108,0,1,0
NJ35,57.60380933,-3.101762927,0.500497834,249,0,1,0
NJ36,57.649416,-3.108614405,0.163872224,107,0,1,0
NJ40,57.12239644,-2.897298333,0.270596315,234,0,1,0
NJ41,57.22657458,-2.9125725,0.198864466,52,1,0.981132075,0.018867925
NJ42,57.30173269,-2.900037414,0.212324305,38,0,1,0
NJ43,57.40305409,-2.908027755,0.532415417,144,1,0.993103448,0.006896552
NJ44,57.48931185,-2.879033574,0.279418649,64,0,1,0
NJ45,57.57883044,-2.920230222,0.301979884,11,0,1,0
NJ46,57.6712486,-2.90215608,0.230503089,34,0,1,0
NJ50,57.12624741,-2.717075305,0.300177353,127,3,0.976923077,0.023076923
NJ51,57.22940634,-2.725252563,0.195111833,304,18,0.944099379,0.055900621
NJ52,57.3057325,-2.713429125,0.195592565,25,0,1,0
NJ53,57.42139881,-2.762243762,0.238360378,24,0,1,0
NJ54,57.47349303,-2.780522233,0.278768844,139,0,1,0
NJ55,57.57319792,-2.73324656,0.230953581,28,0,1,0
NJ56,57.67085667,-2.7863116,0.133328252,23,0,1,0
NJ60,57.12032165,-2.606927468,0.260572992,252,4,0.984375,0.015625
NJ61,57.23790736,-2.574835821,0.390690039,419,62,0.871101871,0.128898129
NJ62,57.30904734,-2.549161856,0.281017805,233,1,0.995726496,0.004273504
NJ63,57.40802669,-2.582882365,0.103231262,99,0,1,0
NJ64,57.49532693,-2.592346786,0.116381545,89,0,1,0
NJ65,57.56462079,-2.562999727,0.115223998,52,1,0.981132075,0.018867925
NJ66,57.65457393,-2.534142222,0.047543882,75,0,1,0
NJ70,57.14355829,-2.362034012,0.271022756,344,152,0.693548387,0.306451613
NJ71,57.24006494,-2.420776347,0.178261556,927,104,0.899127061,0.100872939
NJ72,57.29613105,-2.415957941,0.086470649,484,51,0.904672897,0.095327103
NJ73,57.42747032,-2.399488228,0.102744658,241,1,0.995867769,0.004132231
NJ74,57.51166465,-2.43935548,0.082144756,126,2,0.984375,0.015625
NJ75,57.5682424,-2.450625689,0.091663401,64,0,1,0
NJ76,57.64343842,-2.48969025,0.007306248,18,0,1,0
NJ80,57.12495975,-2.220634382,0.145801017,3259,3412,0.488532454,0.511467546
NJ81,57.20421926,-2.221407063,0.156304331,955,804,0.542922115,0.457077885
NJ82,57.29630882,-2.241137011,0.070620342,442,76,0.853281853,0.146718147
NJ83,57.4092231,-2.240224026,0.116073865,552,6,0.989247312,0.010752688
NJ84,57.46225586,-2.254870762,0.065000952,41,0,1,0
NJ85,57.585605,-2.23888825,0.083853739,5,0,1,0
NJ90,57.14492487,-2.133851643,0.053831489,881,5086,0.147645383,0.852354617
NJ91,57.20395275,-2.116589586,0.063795747,345,1042,0.248738284,0.751261716
NJ92,57.32693208,-2.088160392,0.075211226,70,3,0.95890411,0.04109589
NJ93,57.37023914,-2.072564352,0.093215859,458,17,0.964210526,0.035789474
NJ94,57.51397993,-2.051408,0.093061585,33,0,1,0
NJ95,57.56111253,-2.069260941,0.115319629,19,0,1,0
NJ96,57.66134,-2.1147975,0.024738346,2,0,1,0
NK02,57.34021288,-1.991725875,0.002726783,9,0,1,0
NK03,57.389669,-1.976413,0.056653416,3,0,1,0
NK04,57.519472,-1.9966465,0.094244935,2,0,1,0
NK05,57.604345,-1.947276,0.084830666,1,0,1,0
NK06,57.645664,-1.948892,0.022719303,1,0,1,0
NK14,57.520685,-1.815507,0.011018634,1,0,1,0
NM56,56.685934,-5.968722,0.209948161,2,0,1,0
NM64,56.54611867,-5.780965,0.39553515,3,0,1,0
NM66,56.73548566,-5.80814175,0.186151448,44,0,1,0
NM67,56.79003667,-5.822410333,0.106460697,3,0,1,0
NM70,56.18207593,-5.568830533,0.068410444,30,0,1,0
NM71,56.28057661,-5.582091043,0.053981951,25,0,1,0
NM74,56.562744,-5.7367605,0.088977079,2,0,1,0
NM75,56.63261,-5.670259,0.143141501,1,0,1,0
NM76,56.7081812,-5.7226716,0.288137822,5,0,1,0
NM77,56.81159575,-5.73759865,0.068931735,26,0,1,0
NM80,56.18252574,-5.47072771,0.29681353,127,0,1,0
NM81,56.27230988,-5.487735559,0.46851486,44,0,1,0
NM82,56.39722826,-5.468120518,0.286044416,138,0,1,0
NM83,56.42732076,-5.466349527,0.076375553,165,0,1,0
NM86,56.7101546,-5.5733454,0.328081689,7,0,1,0
NM90,56.2081037,-5.326685567,0.527416925,47,0,1,0
NM91,56.27480517,-5.277649208,0.587993901,58,0,1,0
NM92,56.39171473,-5.315076455,0.211813007,17,0,1,0
NM93,56.4551907,-5.328341058,0.341472473,80,0,1,0
NM94,56.52789937,-5.327959344,0.32751221,276,0,1,0
NM95,56.63330283,-5.297160167,0.145987738,17,0,1,0
NM96,56.72237,-5.272675,0.136577066,1,0,1,0
NM98,56.8773275,-5.4274155,0.13580807,2,0,1,0
NN00,56.18547369,-5.095709398,0.544649386,151,2,0.986928105,0.013071895
NN01,56.2808015,-5.135821167,0.306869877,7,0,1,0
NN02,56.37595134,-5.187192563,0.371482303,39,0,1,0
NN03,56.43295344,-5.218951814,0.259587687,49,0,1,0
NN04,56.5692885,-5.206309167,0.140623869,14,1,0.933333333,0.066666667
NN05,56.67902956,-5.188260938,0.373475293,43,0,1,0
NN06,56.71442185,-5.203652141,0.299504326,137,0,1,0
NN07,56.82199458,-5.174402417,0.250311422,13,0,1,0
NN08,56.915151,-5.204907,0.126535655,1,0,1,0
NN10,56.18785653,-4.948424032,0.436012357,135,0,1,0
NN11,56.26296881,-4.967259811,0.418270196,59,0,1,0
NN12,56.40072072,-5.0011885,0.273429313,86,0,1,0
NN13,56.470695,-5.004921,0.071519827,1,0,1,0
NN14,56.5547715,-4.9753785,0.139437749,3,0,1,0
NN15,56.67935056,-5.083683167,0.098083028,27,0,1,0
NN16,56.72010856,-4.993862778,0.253802358,45,0,1,0
NN17,56.84435207,-5.070473107,0.310964359,71,0,1,0
NN18,56.92352294,-5.014265031,0.38975194,32,0,1,0
NN19,57.030375,-5.091194,0.216059404,1,4,0.2,0.8
NN20,56.19063457,-4.807076114,0.275774059,585,21,0.965346535,0.034653465
NN21,56.295053,-4.829465,0.108665813,1,0,1,0
NN22,56.40836967,-4.885162,0.195614953,3,0,1,0
NN23,56.490936,-4.785798667,0.346889318,4,0,1,0
NN24,56.55518433,-4.793256,0.091653746,4,0,1,0
NN25,56.622266,-4.924842,0.005271883,2,0,1,0
NN27,56.86451167,-4.892841,0.196267862,3,0,1,0
NN28,56.9118151,-4.883378575,0.281580597,52,0,1,0
NN29,57.01857429,-4.841376714,0.239927875,7,0,1,0
NN30,56.21584999,-4.718121221,0.239134176,237,72,0.766990291,0.233009709
NN31,56.28823823,-4.665740231,0.106900279,14,3,0.823529412,0.176470588
NN32,56.40041561,-4.640397921,0.238177188,67,0,1,0
NN33,56.43967192,-4.706658538,0.122022077,21,0,1,0
NN35,56.6549435,-4.660168,0.042217616,4,0,1,0
NN37,56.86383717,-4.7068885,0.165180477,8,0,1,0
NN38,56.886961,-4.710525444,0.208409248,10,0,1,0
NN39,57.05169225,-4.797292,0.080186707,4,0,1,0
NN40,56.18708434,-4.457059735,0.477586155,200,11,0.947867299,0.052132701
NN41,56.3087745,-4.509654333,0.162803263,11,2,0.846153846,0.153846154
NN42,56.38934963,-4.523596375,0.149322357,9,0,1,0
NN43,56.500436,-4.449047,0.071349027,1,0,1,0
NN46,56.750772,-4.536481,0.067730271,1,0,1,0
NN48,56.91433463,-4.5721045,0.160183878,8,0,1,0
NN49,57.020008,-4.554797,0.028297277,1,0,1,0
NN50,56.19623922,-4.358757751,0.527976203,579,39,0.936893204,0.063106796
NN51,56.31003779,-4.313589567,0.388966588,578,14,0.976351351,0.023648649
NN52,56.37950373,-4.320673093,0.240160195,336,7,0.979591837,0.020408163
NN53,56.47096658,-4.31770684,0.179746914,355,1,0.997191011,0.002808989
NN54,56.58848625,-4.331593179,0.146052628,34,0,1,0
NN55,56.6835626,-4.349016462,0.468128324,84,0,1,0
NN56,56.753991,-4.373106,0.115822599,1,0,1,0
NN57,56.883675,-4.334539,0.055124455,1,0,1,0
NN58,56.963446,-4.423977,0.197446678,9,0,1,0
NN59,56.9964327,-4.3474444,0.19956452,10,0,1,0
NN60,56.23971156,-4.210864183,0.317673331,1029,393,0.723628692,0.276371308
NN61,56.3028492,-4.1462086,0.038960964,5,1,0.833333333,0.166666667
NN62,56.38881894,-4.161753672,0.084119623,458,32,0.934693878,0.065306122
NN63,56.49325022,-4.20836667,0.09741195,105,0,1,0
NN64,56.59096775,-4.171493389,0.071799332,53,0,1,0
NN65,56.69643418,-4.198311415,0.174978655,85,0,1,0
NN66,56.744423,-4.195270667,0.109492584,11,2,0.846153846,0.153846154
NN67,56.836438,-4.2270795,0.00272107,8,0,1,0
NN68,56.9360335,-4.23547925,0.106901879,4,0,1,0
NN69,57.02210214,-4.235551525,0.199188536,134,0,1,0
NN70,56.19224771,-3.989788516,0.30401815,1010,612,0.622688039,0.377311961
NN71,56.34457359,-3.996147932,0.081389721,66,37,0.640776699,0.359223301
NN72,56.37982712,-4.004317066,0.229398951,746,367,0.670260557,0.329739443
NN73,56.51238173,-4.07746,0.015550701,11,1,0.916666667,0.083333333
NN74,56.58884458,-4.035559018,0.324498172,442,1,0.997742664,0.002257336
NN75,56.6916144,-4.038737584,0.293447326,90,0,1,0
NN76,56.75683887,-4.069367467,0.418117602,39,0,1,0
NN77,56.849563,-4.051158,0.029411485,1,0,1,0
NN79,57.06446367,-4.102926026,0.190591006,170,0,1,0
NN80,56.21761702,-3.887977873,0.137126195,278,14,0.952054795,0.047945205
NN81,56.31641506,-3.845402098,0.236147944,160,34,0.824742268,0.175257732
NN82,56.38195976,-3.850086687,0.14397231,582,865,0.402211472,0.597788528
NN83,56.48539767,-3.809140556,0.025917158,14,0,1,0
NN84,56.61509606,-3.874601844,0.331220158,247,7,0.972440945,0.027559055
NN85,56.6555567,-3.84405574,0.244975569,275,3,0.989208633,0.010791367
NN86,56.76942939,-3.859256098,0.422130941,849,6,0.992982456,0.007017544
NN87,56.8214175,-3.84449375,0.011266751,4,0,1,0
NN88,56.941933,-3.891835,0.028041575,1,0,1,0
NN89,57.0420358,-3.90287,0.292671456,5,0,1,0
NN90,56.23487212,-3.682911202,0.237428375,118,4,0.967213115,0.032786885
NN91,56.30336617,-3.713990793,0.171364837,403,229,0.637658228,0.362341772
NN92,56.41048067,-3.713776039,0.211420781,458,140,0.765886288,0.234113712
NN93,56.52570102,-3.725736083,0.059898243,80,2,0.975609756,0.024390244
NN94,56.584027,-3.648956231,0.536062011,158,15,0.913294798,0.086705202
NN95,56.69488275,-3.732718023,0.421215582,952,53,0.947263682,0.052736318
NN96,56.73383914,-3.776720196,0.114435342,181,1,0.994505495,0.005494505
NN97,56.8626608,-3.714023533,0.00975876,17,0,1,0
NO00,56.20213431,-3.562171671,0.325315484,348,16,0.956043956,0.043956044
NO01,56.33035794,-3.536862977,0.233963337,300,125,0.705882353,0.294117647
NO02,56.42313597,-3.530966296,0.218594493,531,664,0.444351464,0.555648536
NO03,56.49462761,-3.540177621,0.201753146,575,303,0.654897494,0.345102506
NO04,56.56805312,-3.567051249,0.369788833,2026,724,0.736727273,0.263272727
NO05,56.70475903,-3.516473103,0.128524074,69,0,1,0
NO06,56.74021866,-3.528835969,0.193679366,115,1,0.99137931,0.00862069
NO07,56.856673,-3.559508,0.019706071,1,0,1,0
NO08,56.98651355,-3.532388586,0.050993501,87,0,1,0
NO09,57.00860906,-3.538330419,0.14657552,36,0,1,0
NO10,56.21780179,-3.4051738,0.076759514,958,290,0.767628205,0.232371795
NO11,56.32605129,-3.380358002,0.153796274,476,142,0.770226537,0.229773463
NO12,56.40513642,-3.407195533,0.164696499,766,990,0.436218679,0.563781321
NO13,56.50266776,-3.404551515,0.190279153,794,490,0.618380062,0.381619938
NO14,56.58173657,-3.369620101,0.136384102,1013,483,0.677139037,0.322860963
NO15,56.65947757,-3.402883049,0.245170626,178,9,0.951871658,0.048128342
NO16,56.74480567,-3.377047,0.090105103,59,0,1,0
NO17,56.83679225,-3.40766775,0.008702198,4,0,1,0
NO18,56.98603823,-3.462363273,0.058430303,22,0,1,0
NO19,57.00892484,-3.388712763,0.203243873,257,1,0.996124031,0.003875969
NO20,56.23366451,-3.18845691,0.150020785,376,336,0.528089888,0.471910112
NO21,56.30616574,-3.228345908,0.13967205,552,99,0.847926267,0.152073733
NO22,56.41519501,-3.219920275,0.067207426,203,138,0.595307918,0.404692082
NO23,56.5097486,-3.230459716,0.177162768,241,209,0.535555556,0.464444444
NO24,56.59184857,-3.19057451,0.084138221,904,860,0.512471655,0.487528345
NO25,56.66614559,-3.216826504,0.208072609,278,42,0.86875,0.13125
NO26,56.744257,-3.255975462,0.278015262,16,1,0.941176471,0.058823529
NO27,56.86445653,-3.199219475,0.109615141,173,1,0.994252874,0.005747126
NO28,56.96050657,-3.226504286,0.019256254,7,0,1,0
NO29,57.03740892,-3.223227524,0.263151057,151,0,1,0
NO30,56.23848512,-3.060378006,0.100008326,113,68,0.624309392,0.375690608
NO31,56.30339772,-3.065093293,0.09870466,350,131,0.727650728,0.272349272
NO32,56.41826317,-3.029631538,0.062492866,241,214,0.52967033,0.47032967
NO33,56.48704686,-3.058029402,0.106139225,1699,1406,0.547181965,0.452818035
NO34,56.60581439,-3.048899556,0.107557369,205,255,0.445652174,0.554347826
NO35,56.67897252,-3.025616227,0.112913192,875,70,0.925925926,0.074074074
NO36,56.75127034,-3.035218124,0.159996286,107,3,0.972727273,0.027272727
NO37,56.83729127,-3.072090409,0.03774513,24,0,1,0
NO38,56.96164865,-3.127634324,0.038427435,39,0,1,0
NO39,57.05025085,-3.058058849,0.377846937,306,3,0.990291262,0.009708738
NO40,56.23175095,-2.879135656,0.10475566,162,61,0.726457399,0.273542601
NO41,56.32194,-2.862569204,0.065521543,177,123,0.59,0.41
NO42,56.41856356,-2.897466241,0.220115118,652,137,0.826362484,0.173637516
NO43,56.48778137,-2.886702832,0.044310792,87,640,0.119669876,0.880330124
NO44,56.60911512,-2.887386176,0.104656114,229,208,0.52402746,0.47597254
NO45,56.67092622,-2.872531059,0.094206324,492,44,0.917910448,0.082089552
NO46,56.7450665,-2.87081506,0.092299112,189,3,0.984375,0.015625
NO47,56.87889814,-2.851040545,0.014944742,81,0,1,0
NO48,56.92156831,-2.917688462,0.012584188,16,0,1,0
NO49,57.06713368,-2.919673227,0.421568064,138,4,0.971830986,0.028169014
NO50,56.23785082,-2.747734909,0.023904932,4,7,0.363636364,0.636363636
NO51,56.31428277,-2.776039738,0.031802716,117,59,0.664772727,0.335227273
NO52,56.4277071,-2.804302619,0.007416706,30,2,0.9375,0.0625
NO53,56.51509289,-2.748381023,0.06448071,79,224,0.260726073,0.739273927
NO54,56.60162246,-2.737022338,0.075704654,754,114,0.868663594,0.131336406
NO55,56.67063032,-2.72919335,0.207330037,610,76,0.889212828,0.110787172
NO56,56.76232541,-2.692529271,0.100565871,353,20,0.946380697,0.053619303
NO57,56.85382816,-2.692475391,0.062725992,170,1,0.994152047,0.005847953
NO58,56.9362085,-2.757128,0.000551415,2,0,1,0
NO59,57.07026257,-2.774977803,0.460101536,409,16,0.962352941,0.037647059
NO60,56.256005,-2.613723,0.001012667,2,3,0.4,0.6
NO61,56.29473,-2.640592,0.002079496,0,2,0,1
NO63,56.54679533,-2.630414333,0.001967034,4,6,0.4,0.6
NO64,56.59153009,-2.601939494,0.053825962,478,322,0.5975,0.4025
NO65,56.70341054,-2.600569077,0.10541475,308,593,0.341842397,0.658157603
NO66,56.76833849,-2.589707959,0.143553007,593,135,0.81456044,0.18543956
NO67,56.83909128,-2.589838229,0.188164163,331,4,0.988059701,0.011940299
NO68,56.96306045,-2.575965345,0.323629445,33,0,1,0
NO69,57.05531016,-2.528615988,0.470068188,771,130,0.855715871,0.144284129
NO75,56.7011966,-2.4756034,0.004754513,45,26,0.633802817,0.366197183
NO76,56.75695823,-2.453211393,0.067954718,456,29,0.940206186,0.059793814
NO77,56.84280927,-2.473405522,0.092430382,290,6,0.97972973,0.02027027
NO78,56.95826725,-2.387685875,0.486859939,8,0,1,0
NO79,57.05775239,-2.419667844,0.391035075,993,311,0.761503067,0.238496933
NO86,56.80729278,-2.322036,0.004394835,0,9,0,1
NO87,56.863004,-2.256653,0.022332974,0,1,0,1
NO88,56.97112037,-2.247143783,0.142319313,198,48,0.804878049,0.195121951
NO89,57.07728193,-2.244593674,0.163921579,212,351,0.376554174,0.623445826
NO99,57.0535756,-2.1518859,0.011242201,11,4,0.733333333,0.266666667
NR61,55.402921,-5.703054,0.288334879,2,0,1,0
NR64,55.6756695,-5.66357,0.021617142,6,0,1,0
NR68,55.96342767,-5.692884,0.041665751,3,0,1,0
NR72,55.466938,-5.561069,0.23574029,1,0,1,0
NR73,55.563214,-5.511418667,0.550015579,10,0,1,0
NR74,55.6273054,-5.524181,0.602837537,7,0,1,0
NR75,55.73805,-5.591325,0.239260232,1,0,1,0
NR76,55.81172146,-5.577404231,0.46735791,20,0,1,0
NR77,55.92410259,-5.60139931,0.157664477,56,0,1,0
NR78,56.02126683,-5.607681121,0.31348186,77,0,1,0
NR79,56.06723295,-5.555328474,0.154255284,91,0,1,0
NR82,55.50338458,-5.334003167,0.000464826,15,0,1,0
NR83,55.55821975,-5.377412,0.073822304,4,0,1,0
NR84,55.6435586,-5.386203,0.173322738,55,0,1,0
NR85,55.762707,-5.399042667,0.342543797,3,0,1,0
NR86,55.82477735,-5.468668395,0.488927412,68,0,1,0
NR87,55.89689,-5.421347333,0.262613914,49,0,1,0
NR88,56.01853371,-5.436397506,0.524428963,149,0,1,0
NR89,56.09386673,-5.489513369,0.514511979,128,0,1,0
NR92,55.46066211,-5.240370679,0.267710506,47,0,1,0
NR93,55.54485,-5.272446063,0.195408527,21,0,1,0
NR94,55.6849435,-5.284098,0.026625832,17,0,1,0
NR95,55.70498828,-5.28474428,0.016119004,39,0,1,0
NR96,55.8597753,-5.2415785,0.178045152,20,0,1,0
NR97,55.9123759,-5.253862683,0.407043845,91,2,0.978494624,0.021505376
NR98,56.01700904,-5.287135054,0.460659017,87,0,1,0
NR99,56.10646346,-5.269346729,0.505284241,118,0,1,0
NS02,55.49966401,-5.103388904,0.250149616,115,0,1,0
NS03,55.57686077,-5.139825303,0.173892761,432,0,1,0
NS04,55.65253367,-5.148496235,0.046610054,58,0,1,0
NS06,55.872972,-5.0393005,0.072523291,2,0,1,0
NS07,55.92702032,-5.12832854,0.241188093,74,0,1,0
NS08,56.01878868,-5.169811727,0.49731761,106,0,1,0
NS09,56.11650315,-5.137996656,0.502587072,131,0,1,0
NS15,55.72328467,-4.903418333,0.03563057,1,3,0.25,0.75
NS16,55.87069628,-4.9789805,0.069295453,58,8,0.878787879,0.121212121
NS17,55.9432191,-4.938727649,0.391525693,321,6,0.981651376,0.018348624
NS18,56.02636208,-4.940703913,0.45044691,689,1,0.998550725,0.001449275
NS19,56.12688719,-5.005788254,0.452284672,454,3,0.993435449,0.006564551
NS20,55.33621216,-4.782440017,0.193197788,23,167,0.121052632,0.878947368
NS21,55.36957963,-4.745232297,0.060616839,2,102,0.019230769,0.980769231
NS24,55.68257718,-4.756300533,0.042664935,1,54,0.018181818,0.981818182
NS25,55.76668907,-4.835965867,0.118504346,3,25,0.107142857,0.892857143
NS26,55.81148,-4.85770325,0.036789498,0,5,0,1
NS27,55.94123783,-4.791607167,0.105745983,4,36,0.1,0.9
NS28,56.01912829,-4.804255522,0.173357668,50,285,0.149253731,0.850746269
NS29,56.11014437,-4.837562802,0.282935262,75,21,0.78125,0.21875
NS30,55.3077893,-4.608844261,0.297983353,23,105,0.1796875,0.8203125
NS31,55.4167564,-4.598137652,0.091125636,47,291,0.139053254,0.860946746
NS32,55.47335482,-4.598971697,0.036765705,18,174,0.09375,0.90625
NS33,55.57952184,-4.631455273,0.065214234,7,101,0.064814815,0.935185185
NS34,55.65241985,-4.641162523,0.093882211,1,158,0.006289308,0.993710692
NS35,55.76881165,-4.636149703,0.082475016,1,50,0.019607843,0.980392157
NS36,55.83948259,-4.628465778,0.123074203,0,29,0,1
NS37,55.96336811,-4.634765513,0.099752676,16,133,0.10738255,0.89261745
NS38,56.01592522,-4.608859748,0.234114961,214,710,0.231601732,0.768398268
NS39,56.13239798,-4.625071203,0.201398578,126,22,0.851351351,0.148648649
NS40,55.32857322,-4.458384958,0.278346889,30,51,0.37037037,0.62962963
NS41,55.41887679,-4.492639103,0.236056206,5,25,0.166666667,0.833333333
NS42,55.49130064,-4.43488459,0.078632065,5,228,0.021459227,0.978540773
NS43,55.59911936,-4.428912729,0.047898243,5,97,0.049019608,0.950980392
NS44,55.68373643,-4.50523309,0.115543379,0,85,0,1
NS45,55.76912024,-4.472053364,0.113400857,1,50,0.019607843,0.980392157
NS46,55.84079084,-4.451117862,0.126261841,0,115,0,1
NS47,55.92443424,-4.469899758,0.21642903,10,156,0.060240964,0.939759036
NS48,56.05413502,-4.484547572,0.202660378,244,47,0.838487973,0.161512027
NS49,56.09753707,-4.493034126,0.480460827,349,28,0.925729443,0.074270557
NS50,55.3123364,-4.329079,0.619954905,1044,2,0.998087954,0.001912046
NS51,55.43602539,-4.297882994,0.241557983,6,171,0.033898305,0.966101695
NS52,55.47445241,-4.314032034,0.154387766,8,534,0.014760148,0.985239852
NS53,55.58777527,-4.322888685,0.147867661,4,109,0.03539823,0.96460177
NS54,55.676767,-4.307432,0.456351545,1,0,1,0
NS55,55.77374042,-4.291709,0.0645833,1,149,0.006666667,0.993333333
NS56,55.8670555,-4.308149102,0.064706874,2,534,0.003731343,0.996268657
NS57,55.93185587,-4.328994012,0.186779461,11,257,0.041044776,0.958955224
NS58,56.04301609,-4.357724859,0.164378909,44,128,0.255813953,0.744186047
NS59,56.13099326,-4.34587388,0.342263416,1036,34,0.968224299,0.031775701
NS60,55.33444204,-4.129611038,0.362844221,21,7,0.75,0.25
NS61,55.38535658,-4.168753308,0.117161434,7,92,0.070707071,0.929292929
NS62,55.4888596,-4.1685068,0.133586419,0,6,0,1
NS63,55.57277403,-4.088010167,0.279914257,0,36,0,1
NS64,55.6818398,-4.1013764,0.210004668,1,23,0.041666667,0.958333333
NS65,55.77035564,-4.166333551,0.120713864,1,124,0.008,0.992
NS66,55.852756,-4.186818937,0.105119157,0,152,0,1
NS67,55.93318536,-4.165881487,0.121623425,3,134,0.02189781,0.97810219
NS68,56.05494681,-4.208588211,0.279522954,88,21,0.80733945,0.19266055
NS69,56.12595976,-4.157404792,0.126435046,126,101,0.555066079,0.444933921
NS70,55.34301855,-3.933278273,0.110678626,6,17,0.260869565,0.739130435
NS71,55.39112073,-3.929531429,0.158209619,3,59,0.048387097,0.951612903
NS72,55.52736444,-4.024055333,0.19424903,1,27,0.035714286,0.964285714
NS73,55.6014265,-3.9486005,0.335448703,1,5,0.166666667,0.833333333
NS74,55.68023973,-3.996728212,0.067105307,1,52,0.018867925,0.981132075
NS75,55.77260661,-4.014263605,0.185123083,1,306,0.003257329,0.996742671
NS76,55.85291953,-4.001833736,0.139718097,2,120,0.016393443,0.983606557
NS77,55.95752583,-3.983636947,0.206847214,2,178,0.011111111,0.988888889
NS78,56.05829642,-3.967513014,0.278273626,50,31,0.617283951,0.382716049
NS79,56.1522937,-3.966463528,0.158513647,1227,724,0.628908252,0.371091748
NS80,55.30953363,-3.810859453,0.17839612,83,94,0.468926554,0.531073446
NS81,55.40661971,-3.819900857,0.059451403,15,4,0.789473684,0.210526316
NS82,55.5287679,-3.8471078,0.17346937,1,12,0.076923077,0.923076923
NS83,55.57407692,-3.842871562,0.194732191,1,90,0.010989011,0.989010989
NS84,55.67350053,-3.807753451,0.175714107,8,154,0.049382716,0.950617284
NS85,55.76132755,-3.862974613,0.264271422,2,45,0.042553191,0.957446809
NS86,55.830429,-3.797585,0.203501901,0,3,0,1
NS87,55.98719538,-3.799037548,0.234041795,5,137,0.035211268,0.964788732
NS88,56.03907234,-3.855110338,0.124383296,69,269,0.204142012,0.795857988
NS89,56.14174087,-3.886432568,0.104547794,242,564,0.300248139,0.699751861
NS90,55.3483875,-3.6297775,0.06180748,4,0,1,0
NS91,55.43166888,-3.623499804,0.196366338,57,4,0.93442623,0.06557377
NS92,55.504428,-3.682826714,0.137893512,3,4,0.428571429,0.571428571
NS93,55.575944,-3.652862824,0.149731834,4,16,0.2,0.8
NS94,55.690714,-3.676384,0.104865588,1,10,0.090909091,0.909090909
NS95,55.761079,-3.686420167,0.344822082,1,9,0.1,0.9
NS96,55.8789458,-3.667992923,0.199431367,0,87,0,1
NS97,55.97616768,-3.690324294,0.14215196,3,130,0.022556391,0.977443609
NS98,56.0650123,-3.681347078,0.12023511,138,323,0.299349241,0.700650759
NS99,56.14180187,-3.697441648,0.228417202,647,404,0.615604186,0.384395814
NT00,55.32640295,-3.456125639,0.448028506,261,267,0.494318182,0.505681818
NT01,55.40008633,-3.521108467,0.420761893,37,1,0.973684211,0.026315789
NT02,55.496721,-3.445686,0.180875242,11,1,0.916666667,0.083333333
NT03,55.59004029,-3.491716267,0.129874988,6,47,0.113207547,0.886792453
NT04,55.69219822,-3.49941715,0.13658187,1,60,0.016393443,0.983606557
NT06,55.88491855,-3.512860766,0.186688283,2,204,0.009708738,0.990291262
NT07,55.95820061,-3.527629224,0.116464456,17,74,0.186813187,0.813186813
NT08,56.07054209,-3.529058041,0.078000546,28,188,0.12962963,0.87037037
NT09,56.15861387,-3.555275899,0.203375634,261,69,0.790909091,0.209090909
NT10,55.32940546,-3.397207093,0.492750012,66,77,0.461538462,0.538461538
NT11,55.428351,-3.307018333,0.10475819,0,3,0,1
NT12,55.51268544,-3.405092889,0.154929138,11,0,1,0
NT13,55.60520411,-3.353417533,0.157359746,103,608,0.144866385,0.855133615
NT14,55.69170882,-3.373286211,0.161854275,7,59,0.106060606,0.893939394
NT15,55.76980914,-3.342138762,0.097359557,1,28,0.034482759,0.965517241
NT16,55.897781,-3.327743224,0.098299612,1,82,0.012048193,0.987951807
NT17,55.96019695,-3.328400905,0.094777572,0,364,0,1
NT18,56.05761763,-3.373413971,0.087990007,75,194,0.278810409,0.721189591
NT19,56.15053458,-3.385666085,0.170236278,222,32,0.874015748,0.125984252
NT20,55.33676517,-3.168249174,0.730748301,28,0,1,0
NT21,55.41828097,-3.153522148,0.408098031,84,22,0.79245283,0.20754717
NT22,55.49120969,-3.196661385,0.157658453,34,10,0.772727273,0.227272727
NT23,55.63199344,-3.178845109,0.163985542,356,575,0.382384533,0.617615467
NT24,55.65902218,-3.181443478,0.355317267,232,647,0.263936291,0.736063709
NT25,55.80930362,-3.217809923,0.164696082,1,17,0.055555556,0.944444444
NT26,55.88006219,-3.204988582,0.126153088,5,323,0.015243902,0.984756098
NT27,55.94799921,-3.203041605,0.049180864,7,1027,0.006769826,0.993230174
NT28,56.0715171,-3.2203811,0.02795883,1,27,0.035714286,0.964285714
NT29,56.13084336,-3.180378526,0.119626288,11,98,0.100917431,0.899082569
NT30,55.36657895,-3.014818689,0.69517991,63,19,0.768292683,0.231707317
NT31,55.41537493,-2.988456507,0.502654325,91,8,0.919191919,0.080808081
NT32,55.51419577,-2.999459101,0.088144504,55,38,0.591397849,0.408602151
NT33,55.61937278,-3.050256299,0.454800689,524,518,0.502879079,0.497120921
NT34,55.66194609,-3.063803,0.101035168,9,13,0.409090909,0.590909091
NT35,55.796787,-3.034278667,0.107171669,5,7,0.416666667,0.583333333
NT36,55.87554168,-3.031156386,0.14372726,2,140,0.014084507,0.985915493
NT37,55.94357453,-3.077569175,0.018005938,3,50,0.056603774,0.943396226
NT39,56.162483,-3.101201063,0.042853529,18,14,0.5625,0.4375
NT40,55.34956804,-2.90100157,0.206774105,92,91,0.50273224,0.49726776
NT41,55.41252594,-2.834220669,0.111729874,135,414,0.245901639,0.754098361
NT42,55.5244604,-2.872803762,0.223149224,136,249,0.353246753,0.646753247
NT43,55.60459031,-2.875422525,0.206392672,246,556,0.306733167,0.693266833
NT44,55.69503791,-2.873945014,0.091249792,13,63,0.171052632,0.828947368
NT45,55.78164957,-2.902959714,0.138362687,2,14,0.125,0.875
NT46,55.88877145,-2.866863171,0.125584483,43,54,0.443298969,0.556701031
NT47,55.96404969,-2.887038207,0.06379801,4,37,0.097560976,0.902439024
NT48,56.033557,-2.830203,0.013532262,0,9,0,1
NT50,55.36477332,-2.688685154,0.604247454,257,352,0.422003284,0.577996716
NT51,55.42924858,-2.716948323,0.107484804,126,603,0.172839506,0.827160494
NT52,55.49905464,-2.698491424,0.137542303,34,266,0.113333333,0.886666667
NT53,55.59845184,-2.719343764,0.156749234,117,392,0.229862475,0.770137525
NT54,55.70256717,-2.726366159,0.112370365,26,100,0.206349206,0.793650794
NT55,55.78555407,-2.719792571,0.032902989,2,14,0.125,0.875
NT56,55.89396661,-2.742391962,0.108993043,11,261,0.040441176,0.959558824
NT57,55.95578863,-2.750070196,0.08262098,11,55,0.166666667,0.833333333
NT58,56.05068579,-2.731693224,0.031423311,6,66,0.083333333,0.916666667
NT60,55.35931871,-2.52826532,0.488091366,118,23,0.836879433,0.163120567
NT61,55.42933153,-2.574378868,0.210184451,133,175,0.431818182,0.568181818
NT62,55.50410734,-2.569569538,0.133842392,47,176,0.210762332,0.789237668
NT63,55.60562736,-2.555287443,0.09550151,39,77,0.336206897,0.663793103
NT64,55.71210059,-2.592201161,0.107793135,17,40,0.298245614,0.701754386
NT65,55.77000715,-2.569387692,0.077658409,3,14,0.176470588,0.823529412
NT66,55.8661785,-2.564236,0.130405748,0,5,0,1
NT67,55.96673003,-2.545190875,0.121834986,6,172,0.033707865,0.966292135
NT68,56.01738522,-2.624406444,0.023854339,11,1,0.916666667,0.083333333
NT70,55.34507543,-2.393521857,0.11216536,13,0,1,0
NT71,55.43045128,-2.45563948,0.149024148,20,17,0.540540541,0.459459459
NT72,55.53863014,-2.417131319,0.089139988,26,51,0.337662338,0.662337662
NT73,55.60046716,-2.42383932,0.065221546,17,148,0.103030303,0.896969697
NT74,55.71828865,-2.42648075,0.075505144,14,101,0.12173913,0.87826087
NT75,55.78851989,-2.364323479,0.146803912,11,474,0.022680412,0.977319588
NT76,55.86681286,-2.37091925,0.209573834,7,57,0.109375,0.890625
NT77,55.93409647,-2.3645,0.036921058,1,16,0.058823529,0.941176471
NT81,55.446224,-2.2181275,0.040132752,2,0,1,0
NT82,55.54014447,-2.271554294,0.043025671,7,10,0.411764706,0.588235294
NT83,55.63865566,-2.265435531,0.014562672,4,48,0.076923077,0.923076923
NT84,55.68428992,-2.228144876,0.05647118,23,459,0.047717842,0.952282158
NT85,55.78809416,-2.229959642,0.061531566,24,300,0.074074074,0.925925926
NT86,55.8711597,-2.228359394,0.124429903,28,85,0.247787611,0.752212389
NT94,55.7235465,-2.123088333,0.00265049,1,7,0.125,0.875
NT95,55.76719223,-2.120873256,0.042318325,17,457,0.035864979,0.964135021
NT96,55.86008571,-2.1169314,0.042915132,24,63,0.275862069,0.724137931
NW95,54.867807,-5.130575,0.009099889,10,1,0.909090909,0.090909091
NW96,54.923018,-5.142123938,0.030914173,15,10,0.6,0.4
NX04,54.7733071,-4.9663479,0.020725565,15,2,0.882352941,0.117647059
NX05,54.87302292,-5.076017563,0.041236939,126,11,0.919708029,0.080291971
NX06,54.92559911,-5.028759192,0.062477216,137,31,0.81547619,0.18452381
NX07,55.03680555,-5.013536636,0.197325386,6,7,0.461538462,0.538461538
NX08,55.09090236,-4.995428909,0.010723756,12,5,0.705882353,0.294117647
NX13,54.6711075,-4.924758,0.002524859,2,1,0.666666667,0.333333333
NX14,54.7453455,-4.9405965,0.011520755,4,0,1,0
NX15,54.87788887,-4.879674762,0.075380297,234,57,0.804123711,0.195876289
NX16,54.92174378,-4.915527261,0.115113988,261,168,0.608391608,0.391608392
NX17,55.0283215,-4.903616375,0.228260168,5,3,0.625,0.375
NX18,55.13236421,-4.891465333,0.231987944,113,27,0.807142857,0.192857143
NX19,55.21168583,-4.864871,0.022893955,6,1,0.857142857,0.142857143
NX25,54.87582763,-4.762276917,0.181324144,29,3,0.90625,0.09375
NX26,54.95190263,-4.700423656,0.336521613,51,1,0.980769231,0.019230769
NX27,55.0438202,-4.7242424,0.616249503,21,1,0.954545455,0.045454545
NX28,55.10702646,-4.751423425,0.556039455,83,26,0.76146789,0.23853211
NX29,55.20637612,-4.751347303,0.294215184,36,42,0.461538462,0.538461538
NX34,54.75825562,-4.555198652,0.073937365,118,106,0.526785714,0.473214286
NX35,54.85533709,-4.564812289,0.217631912,68,8,0.894736842,0.105263158
NX36,54.96298722,-4.562418242,0.366193472,78,58,0.573529412,0.426470588
NX37,55.04191341,-4.553817171,0.632355972,117,24,0.829787234,0.170212766
NX38,55.10587005,-4.5780385,0.793928548,227,1,0.995614035,0.004385965
NX39,55.22317,-4.6051288,0.506481585,7,4,0.636363636,0.363636364
NX43,54.71010076,-4.4389965,0.018044298,33,23,0.589285714,0.410714286
NX44,54.79245189,-4.428151924,0.092775161,48,151,0.24120603,0.75879397
NX45,54.87842078,-4.380943943,0.080567881,96,97,0.497409326,0.502590674
NX46,54.95749645,-4.458919281,0.343219731,398,50,0.888392857,0.111607143
NX47,55.03175589,-4.419897316,0.469662352,20,0,1,0
NX48,55.10187025,-4.4838375,0.27043343,6,0,1,0
NX49,55.24434371,-4.428643964,0.426708638,29,1,0.966666667,0.033333333
NX54,54.81956337,-4.201788579,0.006172768,19,5,0.791666667,0.208333333
NX55,54.87492853,-4.218566318,0.134667259,279,279,0.5,0.5
NX56,54.92247041,-4.206776597,0.43520934,153,50,0.753694581,0.246305419
NX57,55.0716132,-4.2911402,0.651236669,12,1,0.923076923,0.076923077
NX58,55.12374191,-4.21321259,0.472020974,237,97,0.709580838,0.290419162
NX59,55.24000604,-4.257189633,0.324636103,58,7,0.892307692,0.107692308
NX64,54.80952594,-4.073219154,0.04450753,103,2,0.980952381,0.019047619
NX65,54.8686271,-4.127595316,0.148247655,388,132,0.746153846,0.253846154
NX66,54.9853498,-4.074440561,0.367524113,101,60,0.627329193,0.372670807
NX67,55.04884745,-4.101431746,0.424266151,270,179,0.601336303,0.398663697
NX68,55.12982511,-4.13650957,0.312398278,237,97,0.709580838,0.290419162
NX69,55.20187306,-4.169913706,0.493830336,23,4,0.851851852,0.148148148
NX74,54.80827083,-3.943822167,0.030340986,22,1,0.956521739,0.043478261
NX75,54.87950633,-3.908066894,0.214805214,265,17,0.939716312,0.060283688
NX76,54.95797752,-3.960864672,0.091519175,205,37,0.847107438,0.152892562
NX77,55.04788347,-3.951972545,0.373213324,198,58,0.7734375,0.2265625
NX78,55.16413795,-3.915740782,0.324904708,319,21,0.938235294,0.061764706
NX79,55.21331882,-3.930380234,0.277366631,290,250,0.537037037,0.462962963
NX84,54.82493333,-3.845768,0.012748901,3,0,1,0
NX85,54.88359666,-3.797782549,0.265408081,1411,118,0.922825376,0.077174624
NX86,54.9386675,-3.818226918,0.199329177,693,21,0.970588235,0.029411765
NX87,55.07877859,-3.773047707,0.135702585,146,199,0.423188406,0.576811594
NX88,55.14910652,-3.808461799,0.201279297,425,386,0.52404439,0.47595561
NX89,55.24165597,-3.796532015,0.230895707,367,704,0.342670401,0.657329599
NX95,54.89705127,-3.661977549,0.082155177,258,85,0.752186589,0.247813411
NX96,54.98909179,-3.631694899,0.415021144,142,192,0.425149701,0.574850299
NX97,55.05174273,-3.632422006,0.142649637,766,875,0.466788544,0.533211456
NX98,55.14964947,-3.657284549,0.222344366,322,422,0.432795699,0.567204301
NX99,55.21938994,-3.69978564,0.472442108,171,147,0.537735849,0.462264151
NY06,54.99717517,-3.465586805,0.064980545,78,75,0.509803922,0.490196078
NY07,55.06583512,-3.476713409,0.205055663,197,91,0.684027778,0.315972222
NY08,55.14030923,-3.497884281,0.10657543,505,178,0.739385066,0.260614934
NY09,55.22884589,-3.473710021,0.48979246,820,134,0.859538784,0.140461216
NY16,55.00659436,-3.284899098,0.064188289,149,175,0.459876543,0.540123457
NY17,55.05834297,-3.327660976,0.149416044,628,361,0.634984833,0.365015167
NY18,55.14798964,-3.355240817,0.156486399,582,214,0.731155779,0.268844221
NY19,55.23374735,-3.35198691,0.33099596,271,61,0.81626506,0.18373494
NY26,55.00984638,-3.201465365,0.024905466,57,124,0.314917127,0.685082873
NY27,55.05995929,-3.181679048,0.139138467,493,595,0.453125,0.546875
NY28,55.13050988,-3.190278097,0.347224876,62,58,0.516666667,0.483333333
NY29,55.22729145,-3.165383988,0.600085374,55,38,0.591397849,0.408602151
NY36,55.00600767,-3.0756875,0.002929756,2,5,0.285714286,0.714285714
NY37,55.08133837,-2.984778403,0.092332046,36,252,0.125,0.875
NY38,55.16716259,-3.019503277,0.207263595,360,242,0.598006645,0.401993355
NY39,55.21333857,-3.041147865,0.278799426,36,18,0.666666667,0.333333333
NY47,55.08464576,-2.902672896,0.045237507,19,113,0.143939394,0.856060606
NY48,55.16708065,-2.818394555,0.231534334,184,148,0.554216867,0.445783133
NY49,55.23639769,-2.829906154,0.081265279,8,8,0.5,0.5
NY58,55.17558147,-2.773406438,0.228869507,49,26,0.653333333,0.346666667
NY59,55.2409842,-2.731670072,0.395104989,68,86,0.441558442,0.558441558
NY69,55.2524025,-2.6091325,0.033537804,3,0,1,0
