OSGR10km,Latitude(WGS84),Longitude(WGS84),Forest Cover (%),CountRed,CountGrey,Count,Red%,Grey%
NC10,57.972872,-5.123781,12.5725855,4,0,4,100,0
NC14,58.351534,-5.148632,3.6928915,1,0,1,100,0
NC30,57.970596,-4.714286,39.5132964,1,0,1,100,0
NC40,57.97683775,-4.57158035,33.1932896,29,0,29,100,0
NC50,57.98496589,-4.448431111,34.4217971,11,0,11,100,0
NC80,57.97630823,-3.983116419,22.7357823,50,0,50,100,0
ND13,58.32812,-3.371929,3.6390127,8,0,8,100,0
ND35,58.445886,-3.080118,2.0440704,1,0,1,100,0
NG70,57.039119,-5.681441,11.2727217,1,0,1,100,0
NG72,57.29039567,-5.676648333,40.2927503,3,0,3,100,0
NG73,57.31928483,-5.669191167,4.6788174,25,0,25,100,0
NG75,57.550468,-5.749665,10.5199087,1,0,1,100,0
NG82,57.2855155,-5.60186325,22.979632,4,0,4,100,0
NG83,57.34742557,-5.594155167,34.1462748,50,0,50,100,0
NG84,57.4022938,-5.5895948,12.4623453,5,0,5,100,0
NG85,57.51557081,-5.644262,12.7952581,25,0,25,100,0
NG87,57.687324,-5.619447,49.6639711,1,0,1,100,0
NG88,57.77648,-5.599953889,5.3482486,13,0,13,100,0
NG93,57.39358633,-5.447400556,9.4929822,15,0,15,100,0
NG94,57.405375,-5.479969,9.9624464,2,0,2,100,0
NG97,57.683116,-5.4318955,4.4366928,6,0,6,100,0
NH04,57.48147825,-5.32490525,10.5661853,4,0,4,100,0
NH05,57.56467,-5.30615,17.5468408,1,0,1,100,0
NH06,57.5926,-5.303664,7.0460879,2,0,2,100,0
NH08,57.839455,-5.211648,0.3610231,1,0,1,100,0
NH10,57.067988,-5.017044333,26.5609346,3,0,3,100,0
NH15,57.5142925,-5.1232505,10.0516599,6,0,6,100,0
NH17,57.7665275,-5.034456,3.9423634,2,0,2,100,0
NH18,57.83283424,-5.131340026,14.5408254,56,0,56,100,0
NH19,57.88239181,-5.119725351,11.8094257,98,0,98,100,0
NH20,57.0709213,-4.8363143,32.8548945,17,0,17,100,0
NH22,57.28801394,-4.85361875,50.5031182,18,0,18,100,0
NH23,57.330863,-4.831411,11.0191581,1,0,1,100,0
NH25,57.5375095,-4.8737475,10.5084766,4,0,4,100,0
NH28,57.86423,-4.891754,1.7212943,2,0,2,100,0
NH30,57.11513131,-4.719410278,37.4431191,48,0,48,100,0
NH31,57.17823143,-4.698026429,39.1996911,16,0,16,100,0
NH32,57.3131215,-4.783519286,28.0873369,18,0,18,100,0
NH33,57.36645722,-4.693312111,31.2278317,10,0,10,100,0
NH34,57.430645,-4.83237,3.5756863,1,0,1,100,0
NH35,57.56095957,-4.763015429,14.9955179,7,0,7,100,0
NH36,57.62834221,-4.747682,32.6806746,16,0,16,100,0
NH40,57.145192,-4.635891667,3.0161686,4,0,4,100,0
NH41,57.21197543,-4.576500043,42.0334139,80,0,80,100,0
NH42,57.28442608,-4.514956549,28.491969,84,0,84,100,0
NH43,57.3433701,-4.569236718,39.2145124,59,0,59,100,0
NH44,57.45592983,-4.539985222,29.9090156,89,0,89,100,0
NH45,57.56141415,-4.570450547,37.3741851,119,0,119,100,0
NH46,57.61727188,-4.5708425,35.8788144,9,0,9,100,0
NH47,57.691744,-4.684996,5.139353,1,0,1,100,0
NH48,57.863598,-4.588193,13.6900388,1,0,1,100,0
NH49,57.9006745,-4.5655285,37.6305242,7,0,7,100,0
NH50,57.103394,-4.358251,0.7740259,2,0,2,100,0
NH51,57.23379567,-4.462133333,9.456933,4,0,4,100,0
NH52,57.29455321,-4.442078713,35.8523378,168,0,168,100,0
NH53,57.37052873,-4.398882204,41.7591511,133,0,133,100,0
NH54,57.47013197,-4.434734344,30.9971087,266,0,266,100,0
NH55,57.54247746,-4.442053987,21.2502391,122,0,122,100,0
NH56,57.66257833,-4.356682674,37.155801,66,0,66,100,0
NH57,57.75163817,-4.433137333,33.9940255,7,0,7,100,0
NH58,57.866977,-4.369233,13.9014266,1,0,1,100,0
NH59,57.92905172,-4.41945944,42.483401,117,0,117,100,0
NH62,57.318614,-4.249566714,15.6247945,9,0,9,100,0
NH63,57.39039788,-4.230197549,46.3140515,75,0,75,100,0
NH64,57.46710273,-4.240002668,23.7866924,621,0,621,100,0
NH65,57.56716266,-4.277646,38.8778881,156,0,156,100,0
NH66,57.66648,-4.298645971,25.9333085,105,0,105,100,0
NH67,57.71879323,-4.288612839,46.9276128,42,0,42,100,0
NH68,57.86395833,-4.2633805,24.5113032,15,0,15,100,0
NH69,57.89977407,-4.330332074,25.0374831,39,0,39,100,0
NH70,57.0837471,-4.049546138,8.341286,222,0,222,100,0
NH71,57.2318215,-4.111237,1.2022948,4,0,4,100,0
NH72,57.30971405,-4.0258169,12.4643966,24,0,24,100,0
NH73,57.39665284,-4.080779,30.5945102,71,0,71,100,0
NH74,57.48624803,-4.108650433,36.1661226,400,2,402,99.5024876,0.4975124
NH75,57.58097936,-4.11694096,6.8936027,36,0,36,100,0
NH76,57.633128,-4.1037795,14.9862073,11,0,11,100,0
NH77,57.7494141,-4.1026957,35.5084661,12,0,12,100,0
NH78,57.8547305,-4.1484515,23.4940662,2,0,2,100,0
NH79,57.92530767,-4.145396,28.4927519,6,0,6,100,0
NH80,57.12758889,-3.903668651,48.214815,331,0,331,100,0
NH81,57.19053514,-3.835138458,19.5903381,94,0,94,100,0
NH82,57.30141692,-3.927185542,19.6584236,28,0,28,100,0
NH83,57.39297,-3.923264,12.6728508,4,0,4,100,0
NH84,57.50831375,-3.936515288,35.0374144,72,0,72,100,0
NH85,57.57196762,-3.904541515,16.6121959,195,0,195,100,0
NH87,57.704673,-3.984322,5.2594052,1,0,1,100,0
NH89,57.9636875,-3.9960805,3.2315655,2,0,2,100,0
NH90,57.16124165,-3.713883788,24.2609741,174,0,174,100,0
NH91,57.20849715,-3.768721873,57.6699584,435,0,435,100,0
NH92,57.28757291,-3.743272638,36.0645539,268,0,268,100,0
NH93,57.40826314,-3.725694286,6.9750348,16,0,16,100,0
NH94,57.49260705,-3.730516476,57.8514898,25,0,25,100,0
NH95,57.58603249,-3.769638221,45.1913334,100,0,100,100,0
NH96,57.6340414,-3.6953635,13.5726968,13,0,13,100,0
NJ00,57.16318,-3.654247,0.2140486,2,0,2,100,0
NJ01,57.24950978,-3.620830111,25.0164355,30,0,30,100,0
NJ02,57.29779473,-3.622114031,36.7760037,567,0,567,100,0
NJ03,57.3791543,-3.576805815,19.6655844,51,0,51,100,0
NJ04,57.50450056,-3.650552167,30.954051,23,0,23,100,0
NJ05,57.5989445,-3.601545742,47.5231548,335,0,335,100,0
NJ06,57.64630621,-3.591353429,11.9632158,60,0,60,100,0
NJ11,57.25199347,-3.379299235,11.3378071,21,0,21,100,0
NJ12,57.31464497,-3.379592114,19.8277088,53,0,53,100,0
NJ13,57.39086058,-3.421540153,31.0360068,89,0,89,100,0
NJ14,57.4687513,-3.3660069,40.1773092,19,0,19,100,0
NJ15,57.5865889,-3.418371024,46.6503657,61,0,61,100,0
NJ16,57.66942172,-3.417827828,21.3015693,128,5,133,96.2406015,3.7593985
NJ17,57.720945,-3.36566,0.1568879,1,0,1,100,0
NJ20,57.15493388,-3.20207584,6.2236911,40,0,40,100,0
NJ21,57.22572,-3.302583,4.0141477,1,0,1,100,0
NJ22,57.32206479,-3.279935737,18.0855805,22,0,22,100,0
NJ23,57.37434167,-3.2785784,23.1808363,15,0,15,100,0
NJ24,57.4698695,-3.259433469,54.9167455,329,0,329,100,0
NJ25,57.59547004,-3.272337315,39.3981159,83,0,83,100,0
NJ26,57.66069264,-3.281503752,20.6048504,370,0,370,100,0
NJ27,57.71767486,-3.285160857,0.0564718,14,0,14,100,0
NJ30,57.09860536,-3.124269909,15.1631489,13,1,14,92.8571429,7.1428571
NJ31,57.20838676,-3.085865381,35.5215389,148,0,148,100,0
NJ32,57.33321833,-3.010154333,2.4872891,3,0,3,100,0
NJ33,57.4392633,-3.123918043,18.3605053,25,0,25,100,0
NJ34,57.48238463,-3.108034913,46.5102441,90,0,90,100,0
NJ35,57.60800694,-3.103458556,50.0497834,190,0,190,100,0
NJ36,57.65180592,-3.10813492,16.3872224,66,0,66,100,0
NJ40,57.12260513,-2.89115615,27.0596315,184,0,184,100,0
NJ41,57.22386373,-2.914883,19.8864466,47,0,47,100,0
NJ42,57.30091584,-2.8975786,21.2324305,34,0,34,100,0
NJ43,57.40248616,-2.906909315,53.2415417,133,0,133,100,0
NJ44,57.48624195,-2.87609695,27.9418649,57,0,57,100,0
NJ45,57.584143,-2.915017,30.1979884,5,0,5,100,0
NJ46,57.67207125,-2.89905975,23.0503089,29,0,29,100,0
NJ50,57.12562824,-2.717999194,30.0177353,104,1,105,99.047619,0.952381
NJ51,57.22924646,-2.72284559,19.5111833,286,13,299,95.6521739,4.3478261
NJ52,57.30562507,-2.711079286,19.5592565,23,0,23,100,0
NJ53,57.42314522,-2.758387444,23.8360378,21,0,21,100,0
NJ54,57.47501202,-2.783229309,27.8768844,111,0,111,100,0
NJ55,57.56658453,-2.721457579,23.0953581,22,0,22,100,0
NJ56,57.673279,-2.79791,13.3328252,20,0,20,100,0
NJ60,57.12127019,-2.606242784,26.0572992,199,1,200,99.5,0.5
NJ61,57.23391874,-2.564364828,39.0690039,339,28,367,92.3705722,7.6294278
NJ62,57.31012329,-2.549765543,28.1017805,217,1,218,99.5412844,0.4587156
NJ63,57.40978938,-2.58601712,10.3231262,94,0,94,100,0
NJ64,57.4908143,-2.598966676,11.6381545,76,0,76,100,0
NJ65,57.56945838,-2.564186654,11.5223998,42,1,43,97.6744186,2.3255814
NJ66,57.65388264,-2.533286929,4.7543882,72,0,72,100,0
NJ70,57.14780359,-2.360452011,27.1022756,271,125,396,68.4343434,31.5656566
NJ71,57.24108458,-2.41945417,17.8261556,877,94,971,90.3192585,9.6807415
NJ72,57.29593771,-2.416086894,8.6470649,453,48,501,90.4191617,9.5808383
NJ73,57.42745064,-2.400155336,10.2744658,183,0,183,100,0
NJ74,57.51202376,-2.439204691,8.2144756,113,2,115,98.2608696,1.7391304
NJ75,57.56697695,-2.453486526,9.1663401,55,0,55,100,0
NJ76,57.6451954,-2.4914185,0.7306248,13,0,13,100,0
NJ80,57.12503972,-2.220067308,14.5801017,3140,3260,6400,49.0625,50.9375
NJ81,57.20440572,-2.222411693,15.6304331,880,735,1615,54.4891641,45.5108359
NJ82,57.29603661,-2.240474745,7.0620342,422,74,496,85.0806452,14.9193548
NJ83,57.40891441,-2.237210243,11.6073865,319,2,321,99.376947,0.623053
NJ84,57.45823105,-2.251095211,6.5000952,39,0,39,100,0
NJ85,57.570595,-2.2845425,8.3853739,3,0,3,100,0
NJ90,57.14521756,-2.133931935,5.3831489,878,4849,5727,15.3308888,84.6691112
NJ91,57.20392419,-2.116364705,6.3795747,336,1017,1353,24.8337029,75.1662971
NJ92,57.32722566,-2.0866205,7.5211226,61,3,64,95.3125,4.6875
NJ93,57.36962792,-2.071055593,9.3215859,331,15,346,95.6647399,4.3352601
NJ94,57.51786114,-2.048199045,9.3061585,28,0,28,100,0
NJ95,57.56061933,-2.068802,11.5319629,16,0,16,100,0
NJ96,57.66134,-2.1147975,2.4738346,2,0,2,100,0
NK02,57.34021288,-1.991725875,0.2726783,9,0,9,100,0
NK03,57.389669,-1.976413,5.6653416,3,0,3,100,0
NK04,57.519472,-1.9966465,9.4244935,2,0,2,100,0
NK05,57.604345,-1.947276,8.4830666,1,0,1,100,0
NK06,57.645664,-1.948892,2.2719303,1,0,1,100,0
NK14,57.520685,-1.815507,1.1018634,1,0,1,100,0
NM56,56.685934,-5.968722,20.9948161,2,0,2,100,0
NM64,56.54611867,-5.780965,39.553515,3,0,3,100,0
NM66,56.73763689,-5.810375556,18.6151448,39,0,39,100,0
NM67,56.789773,-5.8117195,10.6460697,2,0,2,100,0
NM70,56.18207593,-5.568830533,6.8410444,30,0,30,100,0
NM71,56.28113767,-5.579281381,5.3981951,23,0,23,100,0
NM74,56.562744,-5.7367605,8.8977079,2,0,2,100,0
NM76,56.7137185,-5.7159885,28.8137822,2,0,2,100,0
NM77,56.81151812,-5.740022059,6.8931735,22,0,22,100,0
NM80,56.18418509,-5.4797695,29.681353,100,0,100,100,0
NM81,56.27393863,-5.491269833,46.851486,40,0,40,100,0
NM82,56.39567871,-5.470046174,28.6044416,116,0,116,100,0
NM83,56.42806953,-5.4673254,7.6375553,147,0,147,100,0
NM86,56.7005625,-5.56776725,32.8081689,4,0,4,100,0
NM90,56.21929471,-5.298081429,52.7416925,24,0,24,100,0
NM91,56.27089644,-5.270870556,58.7993901,25,0,25,100,0
NM92,56.38055729,-5.313606,21.1813007,13,0,13,100,0
NM93,56.45902088,-5.332218286,34.1472473,58,0,58,100,0
NM94,56.52676063,-5.326743927,32.751221,270,0,270,100,0
NM95,56.63645364,-5.291322909,14.5987738,16,0,16,100,0
NM96,56.72237,-5.272675,13.6577066,1,0,1,100,0
NM98,56.871857,-5.430198,13.580807,1,0,1,100,0
NN00,56.19028494,-5.093651129,54.4649386,113,0,113,100,0
NN01,56.268476,-5.110133,30.6869877,5,0,5,100,0
NN02,56.36425847,-5.170216412,37.1482303,24,0,24,100,0
NN03,56.43094188,-5.224071588,25.9587687,40,0,40,100,0
NN04,56.57841178,-5.216238556,14.0623869,12,0,12,100,0
NN05,56.67865819,-5.189579323,37.3475293,42,0,42,100,0
NN06,56.71445679,-5.207359714,29.9504326,115,0,115,100,0
NN07,56.83128556,-5.174327333,25.0311422,10,0,10,100,0
NN10,56.18892141,-4.94909602,43.6012357,77,0,77,100,0
NN11,56.2617861,-4.964535207,41.8270196,48,0,48,100,0
NN12,56.4010018,-5.000613894,27.3429313,84,0,84,100,0
NN15,56.683004,-5.091744813,9.8083028,25,0,25,100,0
NN16,56.72036475,-4.995085875,25.3802358,30,0,30,100,0
NN17,56.84598458,-5.071157,31.0964359,67,0,67,100,0
NN18,56.92366071,-5.013405645,38.975194,31,0,31,100,0
NN19,57.030375,-5.091194,21.6059404,1,4,5,20,80
NN20,56.19059657,-4.805189706,27.5774059,540,14,554,97.4729242,2.5270758
NN22,56.40836967,-4.885162,19.5614953,3,0,3,100,0
NN23,56.490936,-4.785798667,34.6889318,4,0,4,100,0
NN24,56.536728,-4.794609,9.1653746,2,0,2,100,0
NN25,56.622266,-4.924842,0.5271883,2,0,2,100,0
NN27,56.8670995,-4.8913865,19.6267862,2,0,2,100,0
NN28,56.91238349,-4.884776297,28.1580597,49,0,49,100,0
NN29,57.01952717,-4.8343075,23.9927875,6,0,6,100,0
NN30,56.21636248,-4.718787335,23.9134176,223,65,288,77.4305556,22.5694444
NN31,56.29124664,-4.661691909,10.6900279,14,1,15,93.3333333,6.6666667
NN32,56.39986803,-4.638071657,23.8177188,63,0,63,100,0
NN33,56.43646758,-4.70882475,12.2022077,20,0,20,100,0
NN35,56.652284,-4.626938,4.2217616,3,0,3,100,0
NN37,56.8691896,-4.70701,16.5180477,7,0,7,100,0
NN38,56.886961,-4.710525444,20.8409248,10,0,10,100,0
NN39,57.05169225,-4.797292,8.0186707,4,0,4,100,0
NN40,56.18576456,-4.451726476,47.7586155,167,0,167,100,0
NN41,56.30739713,-4.50487675,16.2803263,9,0,9,100,0
NN42,56.3863738,-4.512464,14.9322357,6,0,6,100,0
NN48,56.912059,-4.575454286,16.0183878,7,0,7,100,0
NN50,56.19662668,-4.361650464,52.7976203,509,19,528,96.4015152,3.5984848
NN51,56.30742044,-4.310666852,38.8966588,457,11,468,97.6495726,2.3504274
NN52,56.38113785,-4.316573894,24.0160195,285,2,287,99.3031359,0.6968641
NN53,56.46908409,-4.315718493,17.9746914,262,0,262,100,0
NN54,56.5868805,-4.33745075,14.6052628,26,0,26,100,0
NN55,56.6837391,-4.329643857,46.8128324,24,0,24,100,0
NN57,56.883675,-4.334539,5.5124455,1,0,1,100,0
NN58,56.96718863,-4.42891175,19.7446678,8,0,8,100,0
NN59,56.992527,-4.348641,19.956452,7,0,7,100,0
NN60,56.24103175,-4.212938033,31.7673331,942,308,1250,75.36,24.64
NN61,56.29732233,-4.141849,3.8960964,4,0,4,100,0
NN62,56.38842884,-4.160405132,8.4119623,424,23,447,94.8545861,5.1454139
NN63,56.49392295,-4.220145053,9.741195,46,0,46,100,0
NN64,56.59116316,-4.17469672,7.1799332,38,0,38,100,0
NN65,56.69676259,-4.185840205,17.4978655,57,0,57,100,0
NN66,56.73739414,-4.185918714,10.9492584,10,1,11,90.9090909,9.0909091
NN68,56.9360335,-4.23547925,10.6901879,4,0,4,100,0
NN69,57.02214833,-4.237042,19.9188536,127,0,127,100,0
NN70,56.19216906,-3.98769487,30.401815,950,565,1515,62.7062706,37.2937294
NN71,56.34677805,-3.983406649,8.1389721,41,6,47,87.2340426,12.7659574
NN72,56.37960456,-4.003002025,22.9398951,704,300,1004,70.1195219,29.8804781
NN73,56.51523688,-4.0798945,1.5550701,8,1,9,88.8888889,11.1111111
NN74,56.58998247,-4.03245446,32.4498172,369,1,370,99.7297297,0.2702703
NN75,56.69374856,-4.036263869,29.3447326,72,0,72,100,0
NN76,56.75702648,-4.06834212,41.8117602,34,0,34,100,0
NN79,57.06471445,-4.1033902,19.0591006,163,0,163,100,0
NN80,56.21743228,-3.88840278,13.7126195,269,10,279,96.4157706,3.5842294
NN81,56.31562477,-3.84438255,23.6147944,143,26,169,84.6153846,15.3846154
NN82,56.38214388,-3.849854924,14.397231,569,803,1372,41.4723032,58.5276968
NN83,56.48444825,-3.801605375,2.5917158,13,0,13,100,0
NN84,56.61549264,-3.875230722,33.1220158,220,5,225,97.7777778,2.2222222
NN85,56.65089819,-3.838338458,24.4975569,221,3,224,98.6607143,1.3392857
NN86,56.77085359,-3.857048226,42.2130941,667,5,672,99.2559524,0.7440476
NN89,57.059592,-3.90897,29.2671456,2,0,2,100,0
NN90,56.2326406,-3.679305616,23.7428375,111,1,112,99.1071429,0.8928571
NN91,56.3023455,-3.715194211,17.1364837,315,131,446,70.6278027,29.3721973
NN92,56.41075524,-3.714574188,21.1420781,427,116,543,78.6372007,21.3627993
NN93,56.5272855,-3.734240107,5.9898243,39,1,40,97.5,2.5
NN94,56.58782384,-3.649037884,53.6062011,116,8,124,93.5483871,6.4516129
NN95,56.69439439,-3.732767669,42.1215582,783,20,803,97.50934,2.49066
NN96,56.73418118,-3.775995547,11.4435342,121,1,122,99.1803279,0.8196721
NN97,56.84420388,-3.758082625,0.975876,10,0,10,100,0
NO00,56.20164648,-3.561868932,32.5315484,339,12,351,96.5811966,3.4188034
NO01,56.32858334,-3.540481823,23.3963337,268,109,377,71.0875332,28.9124668
NO02,56.42397078,-3.533968382,21.8594493,502,534,1036,48.4555985,51.5444015
NO03,56.49401594,-3.54121343,20.1753146,519,249,768,67.578125,32.421875
NO04,56.56743107,-3.567227193,36.9788833,1765,630,2395,73.6951983,26.3048017
NO05,56.70546126,-3.515294355,12.8524074,61,0,61,100,0
NO06,56.73939329,-3.5276785,19.3679366,109,1,110,99.0909091,0.9090909
NO08,56.98785279,-3.52779175,5.0993501,75,0,75,100,0
NO09,57.00750388,-3.5497775,14.657552,8,0,8,100,0
NO10,56.21756161,-3.40553355,7.6759514,955,271,1226,77.8955954,22.1044046
NO11,56.32495514,-3.381622974,15.3796274,439,123,562,78.113879,21.886121
NO12,56.40467135,-3.410627901,16.4696499,537,641,1178,45.5857385,54.4142615
NO13,56.50160609,-3.406400611,19.0279153,714,428,1142,62.5218914,37.4781086
NO14,56.58339008,-3.37469499,13.6384102,744,398,1142,65.1488616,34.8511384
NO15,56.65770686,-3.402604873,24.5170626,153,3,156,98.0769231,1.9230769
NO16,56.74612341,-3.378464941,9.0105103,45,0,45,100,0
NO17,56.835485,-3.333253,0.8702198,1,0,1,100,0
NO18,56.98626318,-3.468133545,5.8430303,11,0,11,100,0
NO19,57.00719849,-3.389978879,20.3243873,210,0,210,100,0
NO20,56.23256501,-3.187039646,15.0020785,314,235,549,57.1948998,42.8051002
NO21,56.30548947,-3.232681903,13.967205,485,80,565,85.840708,14.159292
NO22,56.4141256,-3.219879766,6.7207426,172,112,284,60.5633803,39.4366197
NO23,56.51125084,-3.234227041,17.7162768,191,174,365,52.3287671,47.6712329
NO24,56.59165777,-3.190228902,8.4138221,840,826,1666,50.4201681,49.5798319
NO25,56.66560084,-3.217490531,20.8072609,247,36,283,87.2791519,12.7208481
NO26,56.73021138,-3.278139625,27.8015262,10,1,11,90.9090909,9.0909091
NO27,56.86365975,-3.197559208,10.9615141,28,1,29,96.5517241,3.4482759
NO28,56.95960325,-3.2470845,1.9256254,4,0,4,100,0
NO29,57.03521194,-3.221743471,26.3151057,115,0,115,100,0
NO30,56.23004863,-3.049142074,10.0008326,73,27,100,73,27
NO31,56.30435995,-3.060757613,9.870466,263,106,369,71.2737127,28.7262873
NO32,56.42318328,-3.023521107,6.2492866,170,126,296,57.4324324,42.5675676
NO33,56.4863576,-3.062450477,10.6139225,1174,910,2084,56.3339731,43.6660269
NO34,56.60558664,-3.049040647,10.7557369,131,243,374,35.026738,64.973262
NO35,56.67849019,-3.02597001,11.2913192,776,57,833,93.1572629,6.8427371
NO36,56.75238897,-3.035838014,15.9996286,86,3,89,96.6292135,3.3707865
NO37,56.83509644,-3.077687813,3.774513,17,0,17,100,0
NO38,56.95866936,-3.12959372,3.8427435,30,0,30,100,0
NO39,57.05116858,-3.055356278,37.7846937,201,2,203,99.0147783,0.9852217
NO40,56.23281947,-2.877073452,10.475566,130,45,175,74.2857143,25.7142857
NO41,56.32306383,-2.854434337,6.5521543,133,73,206,64.5631068,35.4368932
NO42,56.4198967,-2.910473936,22.0115118,427,45,472,90.4661017,9.5338983
NO43,56.48859791,-2.881810555,4.4310792,53,553,606,8.7458746,91.2541254
NO44,56.61023867,-2.888102442,10.4656114,190,204,394,48.2233503,51.7766497
NO45,56.67046786,-2.870378962,9.4206324,443,40,483,91.7184265,8.2815735
NO46,56.7445719,-2.868439913,9.2299112,165,1,166,99.3975904,0.6024096
NO47,56.88293692,-2.849131553,1.4944742,75,0,75,100,0
NO48,56.91672211,-2.919701333,1.2584188,11,0,11,100,0
NO49,57.06860686,-2.924324932,42.1568064,79,3,82,96.3414634,3.6585366
NO50,56.2387368,-2.7554956,2.3904932,1,4,5,20,80
NO51,56.31113271,-2.774884261,3.1802716,94,43,137,68.6131387,31.3868613
NO52,56.42620675,-2.800465875,0.7416706,18,1,19,94.7368421,5.2631579
NO53,56.51423196,-2.746337421,6.448071,64,218,282,22.6950355,77.3049645
NO54,56.60662475,-2.732950875,7.5704654,229,113,342,66.9590643,33.0409357
NO55,56.66920494,-2.736111374,20.7330037,449,76,525,85.5238095,14.4761905
NO56,56.76298359,-2.692319597,10.0565871,306,17,323,94.7368421,5.2631579
NO57,56.85305375,-2.691034443,6.2725992,140,1,141,99.2907801,0.7092199
NO59,57.0706888,-2.776117552,46.0101536,305,7,312,97.7564103,2.2435897
NO60,56.261581,-2.622281,0.1012667,2,0,2,100,0
NO61,56.29473,-2.640592,0.2079496,0,2,2,0,100
NO63,56.54807986,-2.630495429,0.1967034,2,6,8,25,75
NO64,56.59282691,-2.601593622,5.3825962,383,320,703,54.4807966,45.5192034
NO65,56.70394701,-2.598614456,10.541475,251,593,844,29.7393365,70.2606635
NO66,56.76648601,-2.588658828,14.3553007,526,135,661,79.5763994,20.4236006
NO67,56.83785206,-2.590520056,18.8164163,302,3,305,99.0163934,0.9836066
NO68,56.958435,-2.571944471,32.3629445,20,0,20,100,0
NO69,57.05537675,-2.52644694,47.0068188,644,99,743,86.6756393,13.3243607
NO75,56.70065609,-2.476033421,0.4754513,44,23,67,65.6716418,34.3283582
NO76,56.75612886,-2.454020806,6.7954718,422,29,451,93.5698448,6.4301552
NO77,56.83616907,-2.477450967,9.2430382,201,3,204,98.5294118,1.4705882
NO78,56.96094043,-2.372756286,48.6859939,7,0,7,100,0
NO79,57.05779311,-2.41263252,39.1035075,726,189,915,79.3442623,20.6557377
NO86,56.80729278,-2.322036,0.4394835,0,9,9,0,100
NO87,56.863004,-2.256653,2.2332974,0,1,1,0,100
NO88,56.97084388,-2.246729877,14.2319313,183,36,219,83.5616438,16.4383562
NO89,57.07834851,-2.243891628,16.3921579,205,322,527,38.8994307,61.1005693
NO99,57.04992833,-2.151164889,1.1242201,11,3,14,78.5714286,21.4285714
NR61,55.402921,-5.703054,28.8334879,2,0,2,100,0
NR64,55.672932,-5.664905,2.1617142,1,0,1,100,0
NR68,55.96342767,-5.692884,4.1665751,3,0,3,100,0
NR73,55.5640385,-5.50419775,55.0015579,9,0,9,100,0
NR74,55.61754,-5.507811,60.2837537,5,0,5,100,0
NR75,55.73805,-5.591325,23.9260232,1,0,1,100,0
NR76,55.81056117,-5.576037,46.735791,19,0,19,100,0
NR77,55.92359335,-5.604933654,15.7664477,53,0,53,100,0
NR78,56.01957792,-5.61359666,31.348186,69,0,69,100,0
NR79,56.06625742,-5.556735744,15.4255284,73,0,73,100,0
NR82,55.50321436,-5.334000818,0.0464826,14,0,14,100,0
NR83,55.571844,-5.4127075,7.3822304,2,0,2,100,0
NR84,55.6464744,-5.4002422,17.3322738,23,0,23,100,0
NR85,55.762707,-5.399042667,34.2543797,3,0,3,100,0
NR86,55.82172483,-5.469582733,48.8927412,47,0,47,100,0
NR87,55.89493479,-5.420656676,26.2613914,42,0,42,100,0
NR88,56.01929239,-5.435676145,52.4428963,134,0,134,100,0
NR89,56.09758805,-5.488650862,51.4511979,104,0,104,100,0
NR92,55.46109386,-5.242233143,26.7710506,40,0,40,100,0
NR93,55.54163109,-5.281229545,19.5408527,16,0,16,100,0
NR94,55.6963094,-5.2949192,2.6625832,8,0,8,100,0
NR95,55.70335381,-5.286556563,1.6119004,27,0,27,100,0
NR96,55.86363277,-5.247350308,17.8045152,13,0,13,100,0
NR97,55.90966229,-5.25040031,40.7043845,67,2,69,97.1014493,2.8985507
NR98,56.01796616,-5.29144773,46.0659017,56,0,56,100,0
NR99,56.09556849,-5.28770839,50.5284241,59,0,59,100,0
NS02,55.4955773,-5.10409894,25.0149616,84,0,84,100,0
NS03,55.57603922,-5.146960142,17.3892761,288,0,288,100,0
NS04,55.65486628,-5.15138744,4.6610054,31,0,31,100,0
NS06,55.872972,-5.0393005,7.2523291,2,0,2,100,0
NS07,55.92546003,-5.122942889,24.1188093,36,0,36,100,0
NS08,56.0135159,-5.173961034,49.731761,60,0,60,100,0
NS09,56.12172017,-5.143082222,50.2587072,63,0,63,100,0
NS15,55.726872,-4.910055,3.563057,1,1,2,50,50
NS16,55.86969685,-4.982859615,6.9295453,43,5,48,89.5833333,10.4166667
NS17,55.94510491,-4.934862462,39.1525693,204,6,210,97.1428571,2.8571429
NS18,56.02420405,-4.942342815,45.044691,456,1,457,99.7811816,0.2188184
NS19,56.12849809,-5.005672655,45.2284672,330,1,331,99.6978852,0.3021148
NS20,55.33957821,-4.785310175,19.3197788,6,155,161,3.7267081,96.2732919
NS21,55.36885952,-4.744990586,6.0616839,1,101,102,0.9803922,99.0196078
NS24,55.68235343,-4.756778973,4.2664935,0,46,46,0,100
NS25,55.76823769,-4.842987538,11.8504346,2,24,26,7.6923077,92.3076923
NS26,55.81305967,-4.857419333,3.6789498,0,3,3,0,100
NS27,55.94123783,-4.791607167,10.5745983,4,36,40,10,90
NS28,56.01868324,-4.804418939,17.3357668,49,274,323,15.1702786,84.8297214
NS29,56.10576784,-4.835565279,28.2935262,65,13,78,83.3333333,16.6666667
NS30,55.3077206,-4.60861249,29.7983353,17,98,115,14.7826087,85.2173913
NS31,55.41712771,-4.594300628,9.1125636,6,250,256,2.34375,97.65625
NS32,55.47559697,-4.597118175,3.6765705,6,154,160,3.75,96.25
NS33,55.58148583,-4.632395129,6.5214234,5,82,87,5.7471264,94.2528736
NS34,55.65242818,-4.641441409,9.3882211,0,152,152,0,100
NS35,55.76765769,-4.636061906,8.2475016,0,46,46,0,100
NS36,55.837558,-4.6318182,12.3074203,0,27,27,0,100
NS37,55.96344399,-4.635086699,9.9752676,16,128,144,11.1111111,88.8888889
NS38,56.0160156,-4.609738756,23.4114961,213,611,824,25.8495146,74.1504854
NS39,56.13257736,-4.618076524,20.1398578,125,8,133,93.9849624,6.0150376
NS40,55.33184292,-4.460703594,27.8346889,24,44,68,35.2941176,64.7058824
NS41,55.41939511,-4.494180214,23.6056206,4,25,29,13.7931034,86.2068966
NS42,55.4919741,-4.432542195,7.8632065,1,218,219,0.456621,99.543379
NS43,55.59982211,-4.427366,4.7898243,3,92,95,3.1578947,96.8421053
NS44,55.68400804,-4.504448123,11.5543379,0,73,73,0,100
NS45,55.76488373,-4.478647308,11.3400857,0,44,44,0,100
NS46,55.84267449,-4.462119447,12.6261841,0,64,64,0,100
NS47,55.92392862,-4.469550573,21.642903,9,154,163,5.5214724,94.4785276
NS48,56.05427311,-4.485489681,20.2660378,243,36,279,87.0967742,12.9032258
NS49,56.09533793,-4.494300634,48.0460827,337,22,359,93.8718663,6.1281337
NS50,55.3501515,-4.337687,61.9954905,2,0,2,100,0
NS51,55.43594934,-4.298097166,24.1557983,5,171,176,2.8409091,97.1590909
NS52,55.47403991,-4.314731724,15.4387766,1,496,497,0.2012072,99.7987928
NS53,55.58779745,-4.323472592,14.7867661,3,108,111,2.7027027,97.2972973
NS55,55.77306766,-4.289344329,6.45833,0,137,137,0,100
NS56,55.86762558,-4.307863427,6.4706874,1,511,512,0.1953125,99.8046875
NS57,55.92931292,-4.33001663,18.6779461,9,180,189,4.7619048,95.2380952
NS58,56.0429555,-4.356851576,16.4378909,43,110,153,28.1045752,71.8954248
NS59,56.12972589,-4.346700942,34.2263416,990,2,992,99.7983871,0.2016129
NS60,55.33503808,-4.129955042,36.2844221,19,7,26,73.0769231,26.9230769
NS61,55.38544607,-4.169607667,11.7161434,6,92,98,6.122449,93.877551
NS62,55.4967075,-4.16446425,13.3586419,0,5,5,0,100
NS63,55.57277403,-4.088010167,27.9914257,0,36,36,0,100
NS64,55.67841518,-4.082824909,21.0004668,0,20,20,0,100
NS65,55.77529455,-4.165852194,12.0713864,0,97,97,0,100
NS66,55.85315799,-4.186771657,10.5119157,0,138,138,0,100
NS67,55.93291012,-4.16341129,12.1623425,2,119,121,1.6528926,98.3471074
NS68,56.05382428,-4.208394197,27.9522954,87,8,95,91.5789474,8.4210526
NS69,56.12609651,-4.148280411,12.6435046,120,49,169,71.0059172,28.9940828
NS70,55.34280978,-3.934833611,11.0678626,5,14,19,26.3157895,73.6842105
NS71,55.39308728,-3.928847065,15.8209619,2,49,51,3.9215686,96.0784314
NS72,55.52736444,-4.024055333,19.424903,1,27,28,3.5714286,96.4285714
NS73,55.610319,-3.912135,33.5448703,0,5,5,0,100
NS74,55.68161113,-3.9915041,6.7105307,1,47,48,2.0833333,97.9166667
NS75,55.7730242,-4.013452442,18.5123083,0,174,174,0,100
NS76,55.85180776,-3.999959918,13.9718097,0,79,79,0,100
NS77,55.95779723,-3.984365972,20.6847214,2,170,172,1.1627907,98.8372093
NS78,56.05658341,-3.965572981,27.8273626,46,17,63,73.015873,26.984127
NS79,56.15304236,-3.967360669,15.8513647,1176,557,1733,67.8592037,32.1407963
NS80,55.30957492,-3.810498874,17.839612,68,74,142,47.8873239,52.1126761
NS81,55.3986224,-3.8388746,5.9451403,12,3,15,80,20
NS82,55.53138744,-3.849862222,17.346937,0,12,12,0,100
NS83,55.57283681,-3.842014765,19.4732191,0,87,87,0,100
NS84,55.67336332,-3.796135678,17.5714107,1,142,143,0.6993007,99.3006993
NS85,55.76349548,-3.865473148,26.4271422,1,42,43,2.3255814,97.6744186
NS86,55.820492,-3.801118,20.3501901,0,2,2,0,100
NS87,55.98816127,-3.794058216,23.4041795,4,114,118,3.3898305,96.6101695
NS88,56.04169279,-3.857137417,12.4383296,68,243,311,21.8649518,78.1350482
NS89,56.14222349,-3.886634521,10.4547794,224,367,591,37.9018613,62.0981387
NS91,55.4319442,-3.62369451,19.6366338,46,3,49,93.877551,6.122449
NS92,55.5059806,-3.6856972,13.7893512,2,3,5,40,60
NS93,55.57021377,-3.640774077,14.9731834,0,16,16,0,100
NS94,55.6885705,-3.6795317,10.4865588,0,10,10,0,100
NS95,55.7660224,-3.6873516,34.4822082,0,9,9,0,100
NS96,55.87821035,-3.678711729,19.9431367,0,60,60,0,100
NS97,55.97788664,-3.696057073,14.215196,1,114,115,0.8695652,99.1304348
NS98,56.06554268,-3.684051777,12.023511,95,39,134,70.8955224,29.1044776
NS99,56.15238955,-3.685480506,22.8417202,452,199,651,69.4316436,30.5683564
NT00,55.32668402,-3.455794081,44.8028506,234,258,492,47.5609756,52.4390244
NT01,55.39830442,-3.519261333,42.0761893,14,0,14,100,0
NT02,55.496721,-3.445686,18.0875242,11,1,12,91.6666667,8.3333333
NT03,55.59010016,-3.490807342,12.9874988,3,42,45,6.6666667,93.3333333
NT04,55.69179937,-3.499394789,13.658187,0,58,58,0,100
NT06,55.88637317,-3.519193237,18.6688283,0,156,156,0,100
NT07,55.96067506,-3.523282588,11.6464456,0,54,54,0,100
NT08,56.07128817,-3.530595583,7.8000546,19,152,171,11.1111111,88.8888889
NT09,56.16086489,-3.556351209,20.3375634,254,58,312,81.4102564,18.5897436
NT10,55.32916498,-3.398379149,49.2750012,60,74,134,44.7761194,55.2238806
NT11,55.428351,-3.307018333,10.475819,0,3,3,0,100
NT12,55.51285388,-3.41229075,15.4929138,10,0,10,100,0
NT13,55.60549477,-3.353047754,15.7359746,91,598,689,13.2075472,86.7924528
NT14,55.69288206,-3.376140808,16.1854275,1,57,58,1.7241379,98.2758621
NT15,55.76928337,-3.341079211,9.7359557,0,27,27,0,100
NT16,55.89983042,-3.332751083,9.8299612,1,58,59,1.6949153,98.3050847
NT17,55.95995684,-3.331600872,9.4777572,0,154,154,0,100
NT18,56.05786864,-3.375213402,8.7990007,70,161,231,30.3030303,69.6969697
NT19,56.15068441,-3.387114961,17.0236278,221,13,234,94.4444444,5.5555556
NT20,55.34005205,-3.16556365,73.0748301,25,0,25,100,0
NT21,55.41794725,-3.154170354,40.8098031,79,18,97,81.443299,18.556701
NT22,55.48842203,-3.197462281,15.7658453,33,4,37,89.1891892,10.8108108
NT23,55.63244704,-3.175865043,16.3985542,341,532,873,39.0607102,60.9392898
NT24,55.65900161,-3.180606359,35.5317267,218,604,822,26.5206813,73.4793187
NT25,55.807691,-3.217056556,16.4696082,0,14,14,0,100
NT26,55.87488957,-3.201533216,12.6153088,2,192,194,1.0309278,98.9690722
NT27,55.95076174,-3.200450585,4.9180864,0,697,697,0,100
NT28,56.0692875,-3.214536667,2.795883,1,19,20,5,95
NT29,56.1379938,-3.17518644,11.9626288,8,75,83,9.6385542,90.3614458
NT30,55.36728877,-3.011393651,69.517991,47,11,58,81.0344828,18.9655172
NT31,55.41129844,-2.991828544,50.2654325,63,2,65,96.9230769,3.0769231
NT32,55.513645,-3.001533085,8.8144504,50,20,70,71.4285714,28.5714286
NT33,55.61957418,-3.051022727,45.4800689,505,495,1000,50.5,49.5
NT34,55.65492481,-3.067302875,10.1035168,6,10,16,37.5,62.5
NT35,55.79452033,-3.040637,10.7171669,0,3,3,0,100
NT36,55.87468464,-3.032694784,14.372726,1,104,105,0.952381,99.047619
NT37,55.94304448,-3.078639194,1.8005938,0,44,44,0,100
NT39,56.1644188,-3.1025786,4.2853529,2,3,5,40,60
NT40,55.35010016,-2.901543601,20.6774105,87,87,174,50,50
NT41,55.41201924,-2.830310501,11.1729874,102,391,493,20.6896552,79.3103448
NT42,55.51892735,-2.868031224,22.3149224,85,193,278,30.5755396,69.4244604
NT43,55.60443282,-2.879080497,20.6392672,212,491,703,30.1564723,69.8435277
NT44,55.69257888,-2.873029725,9.1249792,5,50,55,9.0909091,90.9090909
NT45,55.79948943,-2.894490429,13.8362687,0,8,8,0,100
NT46,55.89338444,-2.865738,12.5584483,24,40,64,37.5,62.5
NT47,55.96003832,-2.886113053,6.379801,1,29,30,3.3333333,96.6666667
NT48,56.02854,-2.8319315,1.3532262,0,2,2,0,100
NT50,55.36474069,-2.688064384,60.4247454,237,341,578,41.0034602,58.9965398
NT51,55.429192,-2.717611164,10.7484804,104,565,669,15.5455904,84.4544096
NT52,55.49487933,-2.689819281,13.7542303,10,238,248,4.0322581,95.9677419
NT53,55.5977815,-2.721182588,15.6749234,62,265,327,18.9602446,81.0397554
NT54,55.70122782,-2.720118013,11.2370365,2,82,84,2.3809524,97.6190476
NT55,55.80306667,-2.728726333,3.2902989,0,7,7,0,100
NT56,55.89349757,-2.740626862,10.8993043,0,133,133,0,100
NT57,55.95655241,-2.744929063,8.262098,0,41,41,0,100
NT58,56.05192469,-2.731629102,3.1423311,2,59,61,3.2786885,96.7213115
NT60,55.36109863,-2.522338677,48.8091366,109,16,125,87.2,12.8
NT61,55.42856735,-2.578858464,21.0184451,116,162,278,41.7266187,58.2733813
NT62,55.49771517,-2.571908491,13.3842392,16,112,128,12.5,87.5
NT63,55.60196777,-2.552109227,9.550151,10,24,34,29.4117647,70.5882353
NT64,55.72385497,-2.604462205,10.7793135,6,34,40,15,85
NT65,55.75660029,-2.600986,7.7658409,0,11,11,0,100
NT66,55.87301333,-2.584106667,13.0405748,0,4,4,0,100
NT67,55.96678902,-2.544421641,12.1834986,2,165,167,1.1976048,98.8023952
NT70,55.32568875,-2.36444275,11.216536,5,0,5,100,0
NT71,55.42991706,-2.463627647,14.9024148,6,13,19,31.5789474,68.4210526
NT72,55.5433519,-2.414943604,8.9139988,10,45,55,18.1818182,81.8181818
NT73,55.60266578,-2.422710438,6.5221546,5,131,136,3.6764706,96.3235294
NT74,55.71808479,-2.428678979,7.5505144,8,98,106,7.5471698,92.4528302
NT75,55.78852279,-2.364205204,14.6803912,5,471,476,1.0504202,98.9495798
NT76,55.86693669,-2.368369466,20.9573834,4,54,58,6.8965517,93.1034483
NT77,55.93238815,-2.363247077,3.6921058,0,15,15,0,100
NT81,55.438158,-2.206227,4.0132752,1,0,1,100,0
NT82,55.54556775,-2.282799583,4.3025671,5,7,12,41.6666667,58.3333333
NT83,55.64353264,-2.266684643,1.4562672,1,47,48,2.0833333,97.9166667
NT84,55.68426347,-2.227468411,5.647118,21,457,478,4.3933054,95.6066946
NT85,55.79040196,-2.223993338,6.1531566,14,178,192,7.2916667,92.7083333
NT86,55.86961723,-2.229977069,12.4429903,16,82,98,16.3265306,83.6734694
NT94,55.7235465,-2.123088333,0.265049,1,7,8,12.5,87.5
NT95,55.76666184,-2.121204394,4.2318325,8,446,454,1.7621145,98.2378855
NT96,55.86082635,-2.121999962,4.2915132,10,56,66,15.1515152,84.8484848
NW95,54.867807,-5.130575,0.9099889,10,1,11,90.9090909,9.0909091
NW96,54.92200421,-5.1391005,3.0914173,13,10,23,56.5217391,43.4782609
NX04,54.7733071,-4.9663479,2.0725565,15,2,17,88.2352941,11.7647059
NX05,54.8731705,-5.076511436,4.1236939,122,11,133,91.7293233,8.2706767
NX06,54.92481879,-5.02800181,6.2477216,128,31,159,80.5031447,19.4968553
NX07,55.03209767,-5.015521778,19.7325386,3,7,10,30,70
NX08,55.09544671,-4.995610429,1.0723756,5,3,8,62.5,37.5
NX13,54.6711075,-4.924758,0.2524859,2,1,3,66.6666667,33.3333333
NX14,54.7453455,-4.9405965,1.1520755,4,0,4,100,0
NX15,54.87760626,-4.878641908,7.5380297,221,57,278,79.4964029,20.5035971
NX16,54.9215866,-4.915798871,11.5113988,259,167,426,60.7981221,39.2018779
NX17,55.02661817,-4.925220167,22.8260168,3,3,6,50,50
NX18,55.13388212,-4.889467362,23.1987944,92,23,115,80,20
NX19,55.2105005,-4.85732725,2.2893955,4,1,5,80,20
NX25,54.8806581,-4.7681085,18.1324144,25,3,28,89.2857143,10.7142857
NX26,54.95088268,-4.699677964,33.6521613,46,1,47,97.8723404,2.1276596
NX27,55.04107475,-4.73544975,61.6249503,19,1,20,95,5
NX28,55.10385709,-4.748679908,55.6039455,68,21,89,76.4044944,23.5955056
NX29,55.20686384,-4.748994518,29.4215184,27,38,65,41.5384615,58.4615385
NX34,54.75816435,-4.555225605,7.3937365,118,105,223,52.9147982,47.0852018
NX35,54.85450942,-4.56316093,21.7631912,62,8,70,88.5714286,11.4285714
NX36,54.95708035,-4.566451368,36.6193472,54,38,92,58.6956522,41.3043478
NX37,55.03924856,-4.550458981,63.2355972,94,23,117,80.3418803,19.6581197
NX38,55.10104256,-4.577304111,79.3928548,21,1,22,95.4545455,4.5454545
NX39,55.20976283,-4.647989167,50.6481585,4,3,7,57.1428571,42.8571429
NX43,54.71010076,-4.4389965,1.8044298,33,23,56,58.9285714,41.0714286
NX44,54.7925492,-4.428250788,9.2775161,47,151,198,23.7373737,76.2626263
NX45,54.87767063,-4.38230604,8.0567881,74,95,169,43.7869822,56.2130178
NX46,54.95704965,-4.461466429,34.3219731,357,47,404,88.3663366,11.6336634
NX47,55.02434867,-4.403588917,46.9662352,13,0,13,100,0
NX48,55.091181,-4.501212,27.043343,4,0,4,100,0
NX49,55.245846,-4.427890654,42.6708638,28,0,28,100,0
NX54,54.81939344,-4.201884056,0.6172768,18,5,23,78.2608696,21.7391304
NX55,54.87495993,-4.217916005,13.4667259,258,278,536,48.1343284,51.8656716
NX56,54.92228513,-4.206370179,43.520934,148,50,198,74.7474747,25.2525253
NX57,55.07252171,-4.284873571,65.1236669,9,1,10,90,10
NX58,55.12351855,-4.211987269,47.2020974,74,97,171,43.2748538,56.7251462
NX59,55.24025923,-4.256686042,32.4636103,57,7,64,89.0625,10.9375
NX64,54.80935973,-4.073866,4.450753,102,2,104,98.0769231,1.9230769
NX65,54.86803936,-4.125198167,14.8247655,356,129,485,73.4020619,26.5979381
NX66,54.98458115,-4.07444563,36.7524113,77,57,134,57.4626866,42.5373134
NX67,55.04934527,-4.100358659,42.4266151,239,174,413,57.8692494,42.1307506
NX68,55.12986748,-4.134441125,31.2398278,218,96,314,69.4267516,30.5732484
NX69,55.19803067,-4.176001133,49.3830336,21,4,25,84,16
NX74,54.80830453,-3.943564533,3.0340986,19,1,20,95,5
NX75,54.87795947,-3.909172125,21.4805214,250,17,267,93.6329588,6.3670412
NX76,54.95699917,-3.962939765,9.1519175,183,34,217,84.3317972,15.6682028
NX77,55.04962774,-3.954908065,37.3213324,163,58,221,73.7556561,26.2443439
NX78,55.16621323,-3.913482549,32.4904708,70,21,91,76.9230769,23.0769231
NX79,55.21303279,-3.92994877,27.7366631,215,249,464,46.3362069,53.6637931
NX84,54.8286405,-3.8384135,1.2748901,2,0,2,100,0
NX85,54.88356648,-3.797565277,26.5408081,1351,117,1468,92.0299728,7.9700272
NX86,54.93855299,-3.818185597,19.9329177,647,20,667,97.0014993,2.9985007
NX87,55.08031924,-3.769619233,13.5702585,114,194,308,37.012987,62.987013
NX88,55.14884589,-3.809403853,20.1279297,376,380,756,49.7354497,50.2645503
NX89,55.24092423,-3.795144712,23.0895707,269,645,914,29.4310722,70.5689278
NX95,54.89693933,-3.661531991,8.2155177,249,85,334,74.5508982,25.4491018
NX96,54.98892373,-3.630502154,41.5021144,127,192,319,39.8119122,60.1880878
NX97,55.05150191,-3.632460619,14.2649637,714,860,1574,45.3621347,54.6378653
NX98,55.14950686,-3.659251476,22.2344366,261,398,659,39.6054628,60.3945372
NX99,55.21948134,-3.699522866,47.2442108,122,142,264,46.2121212,53.7878788
NY06,54.99681552,-3.46760708,6.4980545,68,72,140,48.5714286,51.4285714
NY07,55.06490272,-3.47906982,20.5055663,172,74,246,69.9186992,30.0813008
NY08,55.13948548,-3.499022879,10.657543,450,170,620,72.5806452,27.4193548
NY09,55.22856017,-3.474524133,48.979246,163,132,295,55.2542373,44.7457627
NY16,55.00674588,-3.284752181,6.4188289,113,168,281,40.2135231,59.7864769
NY17,55.05702676,-3.325228972,14.9416044,523,292,815,64.1717791,35.8282209
NY18,55.14889745,-3.354129211,15.6486399,517,200,717,72.1059972,27.8940028
NY19,55.23299152,-3.35268021,33.099596,230,48,278,82.7338129,17.2661871
NY26,55.01008892,-3.201589265,2.4905466,54,123,177,30.5084746,69.4915254
NY27,55.06009776,-3.181349543,13.9138467,468,588,1056,44.3181818,55.6818182
NY28,55.12811825,-3.189628353,34.7224876,35,57,92,38.0434783,61.9565217
NY29,55.22566383,-3.163125013,60.0085374,53,34,87,60.9195402,39.0804598
NY36,55.00600767,-3.0756875,0.2929756,2,5,7,28.5714286,71.4285714
NY37,55.07979528,-2.990975822,9.2332046,25,195,220,11.3636364,88.6363636
NY38,55.17250506,-3.024061964,20.7263595,283,155,438,64.6118721,35.3881279
NY39,55.21457706,-3.038822576,27.8799426,28,17,45,62.2222222,37.7777778
NY47,55.08267703,-2.909290355,4.5237507,14,53,67,20.8955224,79.1044776
NY48,55.16548993,-2.819565333,23.1534334,139,137,276,50.3623188,49.6376812
NY49,55.24030236,-2.830352182,8.1265279,8,6,14,57.1428571,42.8571429
NY58,55.1764785,-2.774349767,22.8869507,43,26,69,62.3188406,37.6811594
NY59,55.24095225,-2.729108852,39.5104989,59,77,136,43.3823529,56.6176471
NY69,55.2524025,-2.6091325,3.3537804,3,0,3,100,0